aqi,co,co_8hr,county,datacreationdate,latitude,longitude,no,no2,nox,o3,o3_8hr,pm10,pm10_avg,pm2.5,pm2.5_avg,pollutant,siteid,sitename,so2,so2_avg,status,unit,winddirec,windspeed
66,0.36,0.4,臺中市,2022/3/24 23:00,24.162197,120.616917,0.6,18,18.7,23.5,25,43,38,27,22,細懸浮微粒,32,西屯,1.1,0,普通,,347,1
64,0.54,0.4,臺中市,2022/3/24 22:00,24.162197,120.616917,3.3,27,30.3,10.7,26,38,38,24,21,細懸浮微粒,32,西屯,0.9,0,普通,,33,1.2
61,0.61,0.3,臺中市,2022/3/24 21:00,24.162197,120.616917,1.4,33.3,34.8,5.7,27,41,37,23,20,細懸浮微粒,32,西屯,0.8,0,普通,,348,0.4
58,0.51,0.3,臺中市,2022/3/24 20:00,24.162197,120.616917,0.4,25.6,26.1,17.7,28,41,36,18,18,細懸浮微粒,32,西屯,0.8,0,普通,,325,0.6
56,0.33,0.4,臺中市,2022/3/24 19:00,24.162197,120.616917,0.5,15.6,16.2,36.6,27,45,34,21,18,細懸浮微粒,32,西屯,0.8,0,普通,,16,0.4
53,0.29,0.4,臺中市,2022/3/24 18:00,24.162197,120.616917,0.9,17.7,18.7,37.9,23,42,30,20,16,細懸浮微粒,32,西屯,0.7,0,普通,,17,1.6
52,0.29,0.4,臺中市,2022/3/24 17:00,24.162197,120.616917,2.1,21,23.2,35.3,19,38,27,17,16,細懸浮微粒,32,西屯,1,0,普通,,357,2.2
53,0.29,0.5,臺中市,2022/3/24 16:00,24.162197,120.616917,2.3,16.8,19.2,38.8,17,34,25,15,16,細懸浮微粒,32,西屯,1.1,0,普通,,21,2
54,0.34,0.5,臺中市,2022/3/24 15:00,24.162197,120.616917,6.6,23.9,30.5,30.1,15,25,23,16,17,細懸浮微粒,32,西屯,0.9,0,普通,,32,2.6
55,0.38,0.5,臺中市,2022/3/24 14:00,24.162197,120.616917,6.2,26.1,32.4,19.9,15,27,23,19,17,細懸浮微粒,32,西屯,0.9,0,普通,,19,1.7
56,0.7,0.4,臺中市,2022/3/24 13:00,24.162197,120.616917,21,38.9,60,8.9,16,33,21,24,16,二氧化氮,32,西屯,1.3,0,普通,,232,1.4
56,0.71,0.4,臺中市,2022/3/24 12:00,24.162197,120.616917,24.9,38.8,63.7,9.3,19,25,17,21,13,二氧化氮,32,西屯,1.8,0,普通,,148,0.5
55,0.66,0.3,臺中市,2022/3/24 11:00,24.162197,120.616917,32.1,37.7,69.9,6.1,22,28,15,22,11,二氧化氮,32,西屯,1.3,0,普通,,105,1.3
47,0.58,0.3,臺中市,2022/3/24 10:00,24.162197,120.616917,12.5,28.5,41,11.3,25,17,12,11,8,,32,西屯,1.1,0,良好,,129,0.4
40,0.47,0.2,臺中市,2022/3/24 09:00,24.162197,120.616917,4.8,24.6,29.4,15.6,27,13,12,8,8,,32,西屯,1,0,良好,,57,0.5
28,0.32,0.2,臺中市,2022/3/24 08:00,24.162197,120.616917,1.6,15.1,16.7,26,29,13,12,8,9,,32,西屯,0.7,0,良好,,358,1.3
29,0.23,0.2,臺中市,2022/3/24 07:00,24.162197,120.616917,0.6,15.3,15.9,29.1,29,14,11,7,9,,32,西屯,0.8,0,良好,,28,3.3
29,0.22,0.2,臺中市,2022/3/24 06:00,24.162197,120.616917,0.4,11.7,12.1,27,30,14,11,11,9,,32,西屯,1.1,0,良好,,37,1.5
29,0.22,0.2,臺中市,2022/3/24 05:00,24.162197,120.616917,0.3,11.9,12.3,29.2,31,13,10,11,9,,32,西屯,0.9,0,良好,,33,2.2
30,0.21,0.2,臺中市,2022/3/24 04:00,24.162197,120.616917,0.3,9.3,9.7,32.1,32,11,9,8,8,,32,西屯,0.9,0,良好,,26,2.4
30,0.21,0.2,臺中市,2022/3/24 03:00,24.162197,120.616917,0.1,9.5,9.6,33.8,32,9,9,8,8,,32,西屯,0.7,0,良好,,23,3
29,0.22,0.2,臺中市,2022/3/24 02:00,24.162197,120.616917,0.4,14.4,14.9,29,31,7,9,7,8,,32,西屯,0.6,0,良好,,20,2.2
30,0.25,0.2,臺中市,2022/3/24 01:00,24.162197,120.616917,0.2,13.8,14.1,30.3,32,9,10,7,8,,32,西屯,1.2,0,良好,,338,1.8
30,0.27,0.2,臺中市,2022/3/24 00:00,24.162197,120.616917,0.3,13.8,14.1,29,32,8,10,6,9,,32,西屯,1.3,0,良好,,20,3
30,0.27,0.2,臺中市,2022/3/23 23:00,24.162197,120.616917,0.1,11.2,11.4,35.2,32,9,11,7,9,,32,西屯,0.9,0,良好,,19,2.4
31,0.28,0.2,臺中市,2022/3/23 22:00,24.162197,120.616917,0.1,12.6,12.8,35.3,32,12,11,9,10,,32,西屯,0.7,0,良好,,12,3
33,0.29,0.2,臺中市,2022/3/23 21:00,24.162197,120.616917,0.1,16,16.1,32.9,33,13,11,10,10,,32,西屯,0.9,0,良好,,9,3.6
34,0.3,0.2,臺中市,2022/3/23 20:00,24.162197,120.616917,0.3,15.9,16.2,32.5,33,11,11,10,10,,32,西屯,0.9,1,良好,,4,2.5
34,0.3,0.2,臺中市,2022/3/23 19:00,24.162197,120.616917,0.4,18.4,18.8,31.2,34,11,12,10,10,,32,西屯,0.8,1,良好,,16,3.8
32,0.3,0.2,臺中市,2022/3/23 18:00,24.162197,120.616917,1.6,18,19.6,29.7,35,11,11,13,10,,32,西屯,1,1,良好,,7,3.2
32,0.26,0.2,臺中市,2022/3/23 17:00,24.162197,120.616917,1.1,17,18.1,32.7,35,14,11,13,9,,32,西屯,0.8,1,良好,,357,3.7
32,0.26,0.2,臺中市,2022/3/23 16:00,24.162197,120.616917,1.7,17,18.7,32.8,35,17,11,13,8,,32,西屯,0.8,1,良好,,358,3.9
31,0.24,0.2,臺中市,2022/3/23 15:00,24.162197,120.616917,1.7,15.3,17,36.2,34,9,11,9,7,,32,西屯,0.7,1,良好,,16,3.4
32,0.23,0.2,臺中市,2022/3/23 14:00,24.162197,120.616917,2,13.7,15.8,37.6,35,8,11,9,7,,32,西屯,0.6,1,良好,,14,3.7
32,0.23,0.2,臺中市,2022/3/23 13:00,24.162197,120.616917,1.8,12.7,14.5,38.4,35,14,12,7,7,,32,西屯,0.7,1,良好,,1,4
31,0.24,0.2,臺中市,2022/3/23 12:00,24.162197,120.616917,1.5,13.7,15.2,38.5,34,18,12,7,8,,32,西屯,0.7,1,良好,,5,4.1
31,0.25,0.2,臺中市,2022/3/23 11:00,24.162197,120.616917,1.5,14.2,15.8,35.1,33,6,11,7,8,,32,西屯,0.8,1,良好,,17,5.4
30,0.24,0.2,臺中市,2022/3/23 10:00,24.162197,120.616917,1.2,16.9,18.1,33.6,32,12,12,6,7,,32,西屯,0.9,1,良好,,20,4.9
32,0.28,0.2,臺中市,2022/3/23 09:00,24.162197,120.616917,1.2,19.4,20.7,29.5,31,9,11,8,7,,32,西屯,0.8,1,良好,,11,3.6
28,0.28,0.2,臺中市,2022/3/23 08:00,24.162197,120.616917,0.6,16.3,16.9,30.8,30,9,12,5,7,,32,西屯,0.8,1,良好,,19,2.3
28,0.21,0.2,臺中市,2022/3/23 07:00,24.162197,120.616917,0.2,10.3,10.6,37.4,29,7,15,1,9,,32,西屯,0.8,1,良好,,21,2.2
34,0.2,0.2,臺中市,2022/3/23 06:00,24.162197,120.616917,0.1,6.8,7,37.9,28,7,17,2,10,,32,西屯,0.6,1,良好,,13,2.5
42,0.2,0.2,臺中市,2022/3/23 05:00,24.162197,120.616917,0.3,8.4,8.7,36.9,26,13,20,7,13,,32,西屯,0.6,1,良好,,22,4.6
48,0.22,0.2,臺中市,2022/3/23 04:00,24.162197,120.616917,0.2,10.9,11.1,25.4,25,21,22,12,15,,32,西屯,0.7,1,良好,,3,4.9
49,0.21,0.2,臺中市,2022/3/23 03:00,24.162197,120.616917,0.2,8.2,8.5,30.8,25,19,21,11,15,,32,西屯,0.8,1,良好,,10,2.4
51,0.23,0.2,臺中市,2022/3/23 02:00,24.162197,120.616917,0.1,13.6,13.7,24.6,24,21,22,18,16,細懸浮微粒,32,西屯,0.8,1,普通,,20,3.3
49,0.3,0.2,臺中市,2022/3/23 01:00,24.162197,120.616917,0.6,14.1,14.7,17.1,24,23,22,19,15,,32,西屯,2.2,1,良好,,8,2.9
47,0.27,0.2,臺中市,2022/3/23 00:00,24.162197,120.616917,0.6,10.6,11.3,23.8,26,16,22,11,15,,32,西屯,2,1,良好,,346,0.9
52,0.25,0.2,臺中市,2022/3/22 23:00,24.162197,120.616917,1.4,12,13.4,28.4,26,20,24,12,16,細懸浮微粒,32,西屯,1.9,1,普通,,16,3
53,0.27,0.2,臺中市,2022/3/22 22:00,24.162197,120.616917,1.9,15,16.9,22.9,27,20,26,16,16,細懸浮微粒,32,西屯,2,1,普通,,18,3.5
53,0.25,0.2,臺中市,2022/3/22 21:00,24.162197,120.616917,1.1,12.1,13.2,29.1,29,22,27,14,16,細懸浮微粒,32,西屯,1.9,1,普通,,3,3.9
53,0.27,0.2,臺中市,2022/3/22 20:00,24.162197,120.616917,1.4,14.6,16,26.7,29,28,28,21,16,細懸浮微粒,32,西屯,1.9,1,普通,,355,4.4
53,0.29,0.2,臺中市,2022/3/22 19:00,24.162197,120.616917,1.2,19.6,20.8,24.3,29,32,28,13,16,細懸浮微粒,32,西屯,2,1,普通,,9,4.5
56,0.32,0.2,臺中市,2022/3/22 18:00,24.162197,120.616917,2,17.1,19.2,25.1,28,30,28,15,18,細懸浮微粒,32,西屯,2,1,普通,,9,3.4
58,0.29,0.2,臺中市,2022/3/22 17:00,24.162197,120.616917,3.9,17.4,21.3,28.9,27,24,29,13,18,細懸浮微粒,32,西屯,2,1,普通,,8,3.2
63,0.3,0.3,臺中市,2022/3/22 16:00,24.162197,120.616917,4.4,17.9,22.4,30.3,25,31,30,23,20,細懸浮微粒,32,西屯,1.9,1,普通,,16,3
62,0.26,0.3,臺中市,2022/3/22 15:00,24.162197,120.616917,4.1,12.1,16.2,35.3,23,28,32,21,20,細懸浮微粒,32,西屯,1.8,1,普通,,12,2.7
64,0.24,0.3,臺中市,2022/3/22 14:00,24.162197,120.616917,3.8,10.9,14.7,36.9,21,32,33,15,21,細懸浮微粒,32,西屯,1.9,1,普通,,5,3.9
66,0.25,0.3,臺中市,2022/3/22 13:00,24.162197,120.616917,5.7,14.7,20.5,29.7,20,23,34,19,22,細懸浮微粒,32,西屯,1.7,1,普通,,9,5.2
68,0.29,0.3,臺中市,2022/3/22 12:00,24.162197,120.616917,8.3,14.9,23.2,24.4,18,31,37,14,22,細懸浮微粒,32,西屯,1.1,1,普通,,15,3.9
71,0.3,0.3,臺中市,2022/3/22 11:00,24.162197,120.616917,9.5,17.9,27.5,18.6,17,24,38,20,24,細懸浮微粒,32,西屯,1.1,1,普通,,12,3.7
71,0.36,0.4,臺中市,2022/3/22 10:00,24.162197,120.616917,10.2,18.3,28.6,12.6,17,27,40,16,24,細懸浮微粒,32,西屯,1.2,1,普通,,24,4
77,0.51,0.4,臺中市,2022/3/22 09:00,24.162197,120.616917,8.1,17.7,25.8,13.6,18,33,45,19,26,細懸浮微粒,32,西屯,1.1,1,普通,,357,1.7
84,0.4,0.4,臺中市,2022/3/22 08:00,24.162197,120.616917,2.2,14.1,16.4,19.4,19,27,49,18,29,細懸浮微粒,32,西屯,0.8,1,普通,,41,1.5
93,0.28,0.4,臺中市,2022/3/22 07:00,24.162197,120.616917,0.8,11.9,12.7,20.7,19,27,56,18,33,細懸浮微粒,32,西屯,0.6,1,普通,,22,2.6
102,0.29,0.4,臺中市,2022/3/22 06:00,24.162197,120.616917,0.6,12.6,13.2,26.6,20,53,63,33,36,細懸浮微粒,32,西屯,1,1,對敏感族群不健康,,29,3.1
102,0.47,0.4,臺中市,2022/3/22 05:00,24.162197,120.616917,0.7,14.7,15.5,13.1,22,58,65,39,36,細懸浮微粒,32,西屯,1.4,1,對敏感族群不健康,,358,1.6
98,0.54,0.4,臺中市,2022/3/22 04:00,24.162197,120.616917,0.7,15,15.7,16.6,26,71,66,43,34,細懸浮微粒,32,西屯,1.4,1,普通,,349,0.4
93,0.54,0.4,臺中市,2022/3/22 03:00,24.162197,120.616917,0.7,17.7,18.4,16.4,29,70,64,40,32,細懸浮微粒,32,西屯,1.5,1,普通,,225,1.2
86,0.54,0.4,臺中市,2022/3/22 02:00,24.162197,120.616917,0.7,18.5,19.3,18.9,33,71,62,37,30,細懸浮微粒,32,西屯,1.6,1,普通,,211,0.9
82,0.48,0.4,臺中市,2022/3/22 01:00,24.162197,120.616917,0.7,19.9,20.7,20.3,37,68,60,32,28,細懸浮微粒,32,西屯,1.2,0,普通,,189,1.8
81,0.52,0.4,臺中市,2022/3/22 00:00,24.162197,120.616917,0.7,20.3,21.1,21.9,41,71,57,34,28,細懸浮微粒,32,西屯,0.9,0,普通,,189,1.4
80,0.43,0.3,臺中市,2022/3/21 23:00,24.162197,120.616917,0.7,14.2,15,33.4,45,65,56,26,27,細懸浮微粒,32,西屯,0.8,0,普通,,222,0.6
80,0.34,0.3,臺中市,2022/3/21 22:00,24.162197,120.616917,0.8,10.6,11.4,41.6,48,58,53,26,27,細懸浮微粒,32,西屯,0.8,0,普通,,29,1.5
81,0.36,0.3,臺中市,2022/3/21 21:00,24.162197,120.616917,0.5,12.3,12.8,40.4,50,57,52,28,28,細懸浮微粒,32,西屯,0.9,0,普通,,332,1.5
79,0.4,0.3,臺中市,2022/3/21 20:00,24.162197,120.616917,0.6,13.5,14.1,44.9,51,70,49,30,27,細懸浮微粒,32,西屯,1.1,0,普通,,338,1
76,0.39,0.3,臺中市,2022/3/21 19:00,24.162197,120.616917,0.6,12.9,13.5,50.4,51,50,43,24,26,細懸浮微粒,32,西屯,1.3,0,普通,,345,1.8
75,0.45,0.3,臺中市,2022/3/21 18:00,24.162197,120.616917,1.1,15.5,16.6,49.3,49,54,42,28,25,細懸浮微粒,32,西屯,1.8,0,普通,,343,1.5
76,0.36,0.3,臺中市,2022/3/21 17:00,24.162197,120.616917,1.3,11.6,13,53.4,47,39,40,24,26,細懸浮微粒,32,西屯,1.6,0,普通,,294,2.5
79,0.26,0.3,臺中市,2022/3/21 16:00,24.162197,120.616917,1.3,9.9,11.2,52.8,43,39,40,22,27,細懸浮微粒,32,西屯,1.2,0,普通,,303,1.9
84,0.29,0.4,臺中市,2022/3/21 15:00,24.162197,120.616917,1.9,11,12.9,57.7,39,44,41,21,29,細懸浮微粒,32,西屯,0.9,0,普通,,316,1.8
90,0.34,0.4,臺中市,2022/3/21 14:00,24.162197,120.616917,2.3,13.7,16.1,58.8,34,42,41,28,31,細懸浮微粒,32,西屯,0.9,0,普通,,314,2
90,0.4,0.4,臺中市,2022/3/21 13:00,24.162197,120.616917,4.1,16.8,20.9,46.6,30,44,41,36,31,細懸浮微粒,32,西屯,1,0,普通,,351,1.5
85,0.42,0.4,臺中市,2022/3/21 12:00,24.162197,120.616917,3.6,17.1,20.7,43.8,29,42,39,32,29,細懸浮微粒,32,西屯,1.3,0,普通,,323,3
82,0.48,0.4,臺中市,2022/3/21 11:00,24.162197,120.616917,6.1,19.7,25.9,36.5,27,45,39,34,28,細懸浮微粒,32,西屯,1.2,0,普通,,169,0.4
82,0.47,0.4,臺中市,2022/3/21 10:00,24.162197,120.616917,6,16.1,22.1,27.4,26,40,39,29,28,細懸浮微粒,32,西屯,1.1,0,普通,,271,0.9
84,0.53,0.3,臺中市,2022/3/21 09:00,24.162197,120.616917,5.1,15.8,20.9,20.5,27,29,40,19,29,細懸浮微粒,32,西屯,0.8,1,普通,,311,1.2
88,0.44,0.3,臺中市,2022/3/21 08:00,24.162197,120.616917,2,13.8,15.8,25,28,28,43,21,30,細懸浮微粒,32,西屯,0.7,1,普通,,31,2.6
94,0.39,0.3,臺中市,2022/3/21 07:00,24.162197,120.616917,1.2,12.2,13.4,20.4,30,38,45,31,33,細懸浮微粒,32,西屯,0.7,1,普通,,348,2.3
98,0.36,0.3,臺中市,2022/3/21 06:00,24.162197,120.616917,0.6,10,10.7,24.6,34,41,48,31,34,細懸浮微粒,32,西屯,0.6,1,普通,,343,0.6
99,0.33,0.3,臺中市,2022/3/21 05:00,24.162197,120.616917,0.5,8.4,9,34.8,36,39,50,25,35,細懸浮微粒,32,西屯,0.6,1,普通,,14,0.5
104,0.35,0.3,臺中市,2022/3/21 04:00,24.162197,120.616917,0.5,8,8.5,32.1,36,37,52,34,36,細懸浮微粒,32,西屯,0.7,1,對敏感族群不健康,,4,1.2
105,0.36,0.4,臺中市,2022/3/21 03:00,24.162197,120.616917,0.5,10.6,11.2,26.8,37,51,56,39,37,細懸浮微粒,32,西屯,0.9,1,對敏感族群不健康,,313,1.1
104,0.37,0.4,臺中市,2022/3/21 02:00,24.162197,120.616917,0.3,9.6,10,32.1,39,47,58,31,37,細懸浮微粒,32,西屯,0.9,1,對敏感族群不健康,,38,0.4
106,0.37,0.4,臺中市,2022/3/21 01:00,24.162197,120.616917,0.7,8.4,9.1,34.6,41,53,61,34,38,細懸浮微粒,32,西屯,0.9,1,對敏感族群不健康,,13,0.7
108,0.35,0.4,臺中市,2022/3/21 00:00,24.162197,120.616917,0.6,6.6,7.3,42.2,44,65,62,40,38,細懸浮微粒,32,西屯,0.9,1,對敏感族群不健康,,5,0.6
106,0.35,0.4,臺中市,2022/3/20 23:00,24.162197,120.616917,0.6,7.3,7.9,48.8,46,70,61,41,38,細懸浮微粒,32,西屯,0.8,1,對敏感族群不健康,,11,2.6
106,0.39,0.4,臺中市,2022/3/20 22:00,24.162197,120.616917,0.4,12.6,13.1,43.8,49,66,60,40,37,細懸浮微粒,32,西屯,0.8,1,對敏感族群不健康,,22,3.4
104,0.51,0.4,臺中市,2022/3/20 21:00,24.162197,120.616917,0.6,18.1,18.7,33,52,65,57,41,37,細懸浮微粒,32,西屯,1,1,對敏感族群不健康,,327,2.4
101,0.5,0.3,臺中市,2022/3/20 20:00,24.162197,120.616917,0.7,15,15.7,38,56,63,55,42,36,細懸浮微粒,32,西屯,1,1,對敏感族群不健康,,3,0.9
94,0.47,0.3,臺中市,2022/3/20 19:00,24.162197,120.616917,0.8,19.6,20.5,42.4,59,68,52,43,33,細懸浮微粒,32,西屯,1.1,1,普通,,36,1.4
88,0.4,0.3,臺中市,2022/3/20 18:00,24.162197,120.616917,1.1,16.9,18.1,49.7,61,57,48,40,31,細懸浮微粒,32,西屯,1,1,普通,,25,0.4
82,0.36,0.3,臺中市,2022/3/20 17:00,24.162197,120.616917,1.3,11.8,13.1,57.3,62,57,48,37,28,細懸浮微粒,32,西屯,1,1,普通,,27,2
77,0.32,0.3,臺中市,2022/3/20 16:00,24.162197,120.616917,1.3,6.4,7.7,62.9,59,44,47,28,26,細懸浮微粒,32,西屯,1.2,1,普通,,333,2.7
75,0.34,0.3,臺中市,2022/3/20 15:00,24.162197,120.616917,1,5.7,6.7,65.7,54,49,47,28,25,細懸浮微粒,32,西屯,1.4,1,普通,,348,3.1
75,0.33,0.3,臺中市,2022/3/20 14:00,24.162197,120.616917,0.9,5,6,71.1,49,56,46,24,25,細懸浮微粒,32,西屯,1.2,1,普通,,344,2.6
77,0.3,0.3,臺中市,2022/3/20 13:00,24.162197,120.616917,0.9,4.9,5.9,67.5,43,51,43,25,26,細懸浮微粒,32,西屯,1.1,1,普通,,299,3
77,0.28,0.3,臺中市,2022/3/20 12:00,24.162197,120.616917,1.1,5.9,7,61,38,42,42,23,26,細懸浮微粒,32,西屯,1.2,1,普通,,332,2.9
79,0.33,0.3,臺中市,2022/3/20 11:00,24.162197,120.616917,1.4,8,9.4,57.5,34,39,42,27,27,細懸浮微粒,32,西屯,1.8,1,普通,,320,2.2
82,0.35,0.3,臺中市,2022/3/20 10:00,24.162197,120.616917,1.5,7.6,9.1,53.6,30,39,43,26,28,細懸浮微粒,32,西屯,2.2,1,普通,,37,1.3
81,0.35,0.3,臺中市,2022/3/20 09:00,24.162197,120.616917,1.9,9.2,11.1,37.7,25,36,45,24,28,細懸浮微粒,32,西屯,1.9,1,普通,,39,2.2
81,0.35,0.3,臺中市,2022/3/20 08:00,24.162197,120.616917,1.8,12.1,14,25.8,22,37,47,26,28,細懸浮微粒,32,西屯,2.4,1,普通,,19,2.2
80,0.37,0.4,臺中市,2022/3/20 07:00,24.162197,120.616917,0.9,11.4,12.3,22.1,22,47,49,31,27,細懸浮微粒,32,西屯,2,1,普通,,18,2
79,0.35,0.4,臺中市,2022/3/20 06:00,24.162197,120.616917,0.6,9.6,10.2,21.9,23,48,49,24,27,細懸浮微粒,32,西屯,1.6,1,普通,,38,0.3
83,0.32,0.4,臺中市,2022/3/20 05:00,24.162197,120.616917,0.5,8.8,9.3,27.3,25,49,49,23,29,細懸浮微粒,32,西屯,1.7,1,普通,,21,0.4
86,0.35,0.4,臺中市,2022/3/20 04:00,24.162197,120.616917,0.7,12,12.8,26.2,27,52,49,24,30,細懸浮微粒,32,西屯,2,1,普通,,52,1.6
88,0.4,0.4,臺中市,2022/3/20 03:00,24.162197,120.616917,0.8,15.2,16,26.1,30,51,49,32,31,細懸浮微粒,32,西屯,2.6,1,普通,,1,2.4
89,0.52,0.4,臺中市,2022/3/20 02:00,24.162197,120.616917,0.7,21,21.8,15.3,34,51,49,38,31,細懸浮微粒,32,西屯,1.4,1,普通,,227,0.4
84,0.53,0.4,臺中市,2022/3/20 01:00,24.162197,120.616917,0.8,20.8,21.6,15.8,40,54,48,33,29,細懸浮微粒,32,西屯,1.9,1,普通,,197,0.4
81,0.47,0.4,臺中市,2022/3/20 00:00,24.162197,120.616917,0.8,17.8,18.7,25.5,47,52,46,31,28,細懸浮微粒,32,西屯,1.8,1,普通,,344,0.4
78,0.49,0.3,臺中市,2022/3/19 23:00,24.162197,120.616917,0.7,17.7,18.5,29.6,54,52,44,37,26,細懸浮微粒,32,西屯,1.7,1,普通,,34,0.3
71,0.47,0.3,臺中市,2022/3/19 22:00,24.162197,120.616917,0.8,18.9,19.7,35.6,61,51,42,29,24,細懸浮微粒,32,西屯,2.1,1,普通,,17,0.3
90,0.44,0.3,臺中市,2022/3/19 21:00,24.162197,120.616917,0.9,16.8,17.7,43.9,67,45,41,27,23,臭氧八小時,32,西屯,1.9,1,普通,,31,0.3
101,0.35,0.3,臺中市,2022/3/19 20:00,24.162197,120.616917,0.9,14.1,15.1,53.9,71,38,41,22,22,臭氧八小時,32,西屯,1.6,1,對敏感族群不健康,,12,0.6
108,0.33,0.3,臺中市,2022/3/19 19:00,24.162197,120.616917,1,15.6,16.6,54.6,73,41,41,20,22,臭氧八小時,32,西屯,1.4,1,對敏感族群不健康,,14,2.1
104,0.33,0.3,臺中市,2022/3/19 18:00,24.162197,120.616917,1.1,13.7,14.8,62.2,72,40,41,21,23,臭氧八小時,32,西屯,1.8,1,對敏感族群不健康,,10,3.6
97,0.35,0.3,臺中市,2022/3/19 17:00,24.162197,120.616917,1.1,8.2,9.4,72.6,69,42,41,20,23,臭氧八小時,32,西屯,2.1,1,普通,,343,2.9
77,0.34,0.4,臺中市,2022/3/19 16:00,24.162197,120.616917,0.9,7.2,8.1,82.9,63,43,40,23,24,臭氧八小時,32,西屯,1.6,1,普通,,317,3
72,0.33,0.4,臺中市,2022/3/19 15:00,24.162197,120.616917,0.8,6.1,6.9,88.3,54,43,39,25,24,細懸浮微粒,32,西屯,1.7,1,普通,,312,2.3
71,0.32,0.4,臺中市,2022/3/19 14:00,24.162197,120.616917,1.2,6.4,7.6,82.9,43,35,39,21,24,細懸浮微粒,32,西屯,2.1,1,普通,,300,1.5
74,0.35,0.4,臺中市,2022/3/19 13:00,24.162197,120.616917,2,10.6,12.7,73.9,34,37,41,19,25,細懸浮微粒,32,西屯,2.6,1,普通,,295,1.7
79,0.38,0.4,臺中市,2022/3/19 12:00,24.162197,120.616917,2.5,13.9,16.4,66.8,26,43,42,27,27,細懸浮微粒,32,西屯,2.1,1,普通,,345,2.6
80,0.4,0.5,臺中市,2022/3/19 11:00,24.162197,120.616917,3.1,13,16.2,52.6,19,46,41,23,27,細懸浮微粒,32,西屯,1.8,1,普通,,13,2.3
80,0.51,0.5,臺中市,2022/3/19 10:00,24.162197,120.616917,5.8,18.7,24.6,33.7,14,50,40,30,27,細懸浮微粒,32,西屯,2,1,普通,,335,2
77,0.63,0.4,臺中市,2022/3/19 09:00,24.162197,120.616917,8.7,20.8,29.6,24.4,13,49,38,32,26,細懸浮微粒,32,西屯,2,1,普通,,60,0.4
75,0.59,0.4,臺中市,2022/3/19 08:00,24.162197,120.616917,11.8,19.7,31.5,9.4,14,36,36,29,25,細懸浮微粒,32,西屯,1.9,1,普通,,358,0.4
73,0.52,0.4,臺中市,2022/3/19 07:00,24.162197,120.616917,4.2,20.3,24.6,5.8,13,39,36,24,25,細懸浮微粒,32,西屯,1.9,1,普通,,357,0.4
73,0.48,0.5,臺中市,2022/3/19 06:00,24.162197,120.616917,1.5,18.9,20.4,5.4,14,40,35,23,24,細懸浮微粒,32,西屯,1.8,1,普通,,50,0.7
71,0.46,0.5,臺中市,2022/3/19 05:00,24.162197,120.616917,1.3,18.7,20,10.6,17,35,33,26,24,細懸浮微粒,32,西屯,2.7,1,普通,,31,0.6
70,0.46,0.5,臺中市,2022/3/19 04:00,24.162197,120.616917,2.1,20.1,22.3,11.7,20,32,31,25,23,細懸浮微粒,32,西屯,2.1,1,普通,,49,2.8
70,0.42,0.5,臺中市,2022/3/19 03:00,24.162197,120.616917,1.6,22.9,24.5,14.9,23,29,33,22,23,細懸浮微粒,32,西屯,1.9,1,普通,,37,0.3
70,0.39,0.5,臺中市,2022/3/19 02:00,24.162197,120.616917,0.8,14.9,15.7,28.8,26,26,35,21,23,細懸浮微粒,32,西屯,1.8,1,普通,,67,0.4
71,0.45,0.5,臺中市,2022/3/19 01:00,24.162197,120.616917,2.1,18.4,20.5,25.8,28,26,37,25,24,細懸浮微粒,32,西屯,1.3,1,普通,,21,2.1
70,0.74,0.5,臺中市,2022/3/19 00:00,24.162197,120.616917,3.7,35.6,39.3,3.1,32,45,38,30,23,細懸浮微粒,32,西屯,1.2,1,普通,,84,0.4
68,0.62,0.4,臺中市,2022/3/18 23:00,24.162197,120.616917,0.7,22.9,23.7,18.5,40,42,37,24,22,細懸浮微粒,32,西屯,1.2,1,普通,,149,0.4
68,0.53,0.4,臺中市,2022/3/18 22:00,24.162197,120.616917,0.7,18.2,19,28.5,45,39,37,24,22,細懸浮微粒,32,西屯,1.6,1,普通,,52,0.3
66,0.49,0.3,臺中市,2022/3/18 21:00,24.162197,120.616917,0.9,17.7,18.7,33,49,39,36,27,22,細懸浮微粒,32,西屯,2,1,普通,,7,1.7
63,0.5,0.3,臺中市,2022/3/18 20:00,24.162197,120.616917,1.7,20.9,22.7,33.9,51,42,35,27,20,細懸浮微粒,32,西屯,1.5,1,普通,,15,2.8
60,0.51,0.3,臺中市,2022/3/18 19:00,24.162197,120.616917,1.1,23.1,24.3,36.4,52,46,35,23,19,細懸浮微粒,32,西屯,1.4,1,普通,,21,2.8
59,0.4,0.2,臺中市,2022/3/18 18:00,24.162197,120.616917,1.2,13.1,14.4,50.7,50,32,33,16,19,細懸浮微粒,32,西屯,1.5,1,普通,,358,2.7
60,0.35,0.2,臺中市,2022/3/18 17:00,24.162197,120.616917,1.3,8.6,9.9,59.5,47,29,34,16,19,細懸浮微粒,32,西屯,1.3,1,普通,,27,3.7
62,0.31,0.3,臺中市,2022/3/18 16:00,24.162197,120.616917,1.3,8,9.4,62.3,42,35,34,14,20,細懸浮微粒,32,西屯,1.1,1,普通,,18,4.1
66,0.3,0.3,臺中市,2022/3/18 15:00,24.162197,120.616917,1.5,7.4,9,62.1,35,31,34,15,22,細懸浮微粒,32,西屯,1.2,1,普通,,357,4.7
72,0.28,0.3,臺中市,2022/3/18 14:00,24.162197,120.616917,1.7,7,8.7,55.1,27,30,36,14,24,細懸浮微粒,32,西屯,1.3,1,普通,,8,4.3
81,0.25,0.3,臺中市,2022/3/18 13:00,24.162197,120.616917,2.2,7.7,10,48.7,20,22,38,14,28,細懸浮微粒,32,西屯,1.3,1,普通,,19,4.5
87,0.24,0.4,臺中市,2022/3/18 12:00,24.162197,120.616917,2.9,8.8,11.7,41.3,14,27,41,18,30,細懸浮微粒,32,西屯,1.1,2,普通,,6,5
94,0.24,0.4,臺中市,2022/3/18 11:00,24.162197,120.616917,2.7,11,13.8,27.6,10,41,45,26,33,細懸浮微粒,32,西屯,1.2,2,普通,,353,4.3
98,0.4,0.4,臺中市,2022/3/18 10:00,24.162197,120.616917,4.1,13.6,17.8,23.3,8,35,47,34,34,細懸浮微粒,32,西屯,2.3,2,普通,,340,1.7
99,0.49,0.4,臺中市,2022/3/18 09:00,24.162197,120.616917,11.2,18.9,30.2,15.6,6,42,50,28,35,細懸浮微粒,32,西屯,1.4,2,普通,,334,1.3
103,0.57,0.4,臺中市,2022/3/18 08:00,24.162197,120.616917,11.7,17.2,29,6.5,6,48,51,33,36,細懸浮微粒,32,西屯,1.2,2,對敏感族群不健康,,113,0.4
104,0.5,0.4,臺中市,2022/3/18 07:00,24.162197,120.616917,14.9,20.1,35,1.7,7,56,52,36,37,細懸浮微粒,32,西屯,1.2,2,對敏感族群不健康,,188,0.4
105,0.49,0.4,臺中市,2022/3/18 06:00,24.162197,120.616917,30.4,26.8,57.2,1.1,9,53,50,39,37,細懸浮微粒,32,西屯,1.2,2,對敏感族群不健康,,191,0.4
103,0.42,0.4,臺中市,2022/3/18 05:00,24.162197,120.616917,7.5,23.6,31.1,2.7,9,56,50,37,36,細懸浮微粒,32,西屯,1.1,2,對敏感族群不健康,,338,0.4
102,0.41,0.4,臺中市,2022/3/18 04:00,24.162197,120.616917,11,21,32.1,5.2,9,54,48,39,36,細懸浮微粒,32,西屯,1.2,2,對敏感族群不健康,,37,0.3
98,0.38,0.4,臺中市,2022/3/18 03:00,24.162197,120.616917,0.8,16.5,17.4,11.6,11,50,47,44,35,細懸浮微粒,32,西屯,1.2,2,普通,,204,0.4
93,0.42,0.4,臺中市,2022/3/18 02:00,24.162197,120.616917,1.1,16.2,17.3,11.5,13,54,46,39,33,細懸浮微粒,32,西屯,1.2,2,普通,,266,0.4
90,0.41,0.4,臺中市,2022/3/18 01:00,24.162197,120.616917,0.3,18.9,19.3,12.7,16,55,45,38,31,細懸浮微粒,32,西屯,1.4,2,普通,,222,0.4
88,0.41,0.4,臺中市,2022/3/18 00:00,24.162197,120.616917,0.4,19.4,19.9,16.1,19,52,43,35,30,細懸浮微粒,32,西屯,1.5,2,普通,,190,0.4
83,0.41,0.4,臺中市,2022/3/17 23:00,24.162197,120.616917,1,23,24.1,12.5,22,43,40,34,28,細懸浮微粒,32,西屯,1.7,2,普通,,185,1.5
79,0.7,0.3,臺中市,2022/3/17 22:00,24.162197,120.616917,2.1,32.3,34.4,5.4,26,46,40,32,27,細懸浮微粒,32,西屯,2.2,2,普通,,179,1.7
75,0.7,0.3,臺中市,2022/3/17 21:00,24.162197,120.616917,3.5,39.5,43,4.1,32,40,38,33,25,細懸浮微粒,32,西屯,3.7,2,普通,,346,0.7
71,0.38,0.3,臺中市,2022/3/17 20:00,24.162197,120.616917,1.2,26.6,27.9,18.4,37,37,38,21,24,細懸浮微粒,32,西屯,3.2,2,普通,,30,0.4
75,0.32,0.3,臺中市,2022/3/17 19:00,24.162197,120.616917,0.6,19.5,20.1,27.1,43,39,39,26,25,細懸浮微粒,32,西屯,1.8,2,普通,,319,1
76,0.28,0.2,臺中市,2022/3/17 18:00,24.162197,120.616917,1.5,17.1,18.7,32.5,45,32,41,19,26,細懸浮微粒,32,西屯,1.4,2,普通,,327,1.4
82,0.22,0.2,臺中市,2022/3/17 17:00,24.162197,120.616917,1.6,12.7,14.3,38,46,34,44,19,28,細懸浮微粒,32,西屯,1.5,2,普通,,304,1.1
89,0.19,0.3,臺中市,2022/3/17 16:00,24.162197,120.616917,1.2,12.2,13.5,42.3,46,34,48,24,31,細懸浮微粒,32,西屯,1.8,2,普通,,351,2
93,0.23,0.3,臺中市,2022/3/17 15:00,24.162197,120.616917,1.7,15.5,17.2,46.8,44,49,52,26,32,細懸浮微粒,32,西屯,2.7,2,普通,,325,2.5
96,0.3,0.3,臺中市,2022/3/17 14:00,24.162197,120.616917,2.5,17.5,20,48,42,46,53,31,34,細懸浮微粒,32,西屯,4,2,普通,,321,2.1
100,0.56,0.3,臺中市,2022/3/17 13:00,24.162197,120.616917,2.6,20,22.6,48.4,38,,56,29,35,細懸浮微粒,32,西屯,8.5,2,普通,,311,1.7
108,,0.3,臺中市,2022/3/17 12:00,24.162197,120.616917,,,,61.1,33,,58,26,38,細懸浮微粒,32,西屯,,1,對敏感族群不健康,,321,1.3
120,0.28,0.3,臺中市,2022/3/17 11:00,24.162197,120.616917,2.8,16.6,19.5,,28,46,61,,43,細懸浮微粒,32,西屯,2.9,1,對敏感族群不健康,,319,0.7
121,0.28,0.3,臺中市,2022/3/17 10:00,24.162197,120.616917,2.6,17.1,19.8,40.2,28,49,64,32,43,細懸浮微粒,32,西屯,2.7,1,對敏感族群不健康,,117,2
125,0.39,0.3,臺中市,2022/3/17 09:00,24.162197,120.616917,2.2,16.3,18.6,37.4,26,52,67,36,45,細懸浮微粒,32,西屯,3.4,1,對敏感族群不健康,,179,1.5
134,0.38,0.3,臺中市,2022/3/17 08:00,24.162197,120.616917,1.7,17,18.7,32,24,62,72,43,48,細懸浮微粒,32,西屯,3,1,對敏感族群不健康,,53,0.4
140,0.3,0.3,臺中市,2022/3/17 07:00,24.162197,120.616917,0.3,14.7,15,29.4,23,53,76,35,50,細懸浮微粒,32,西屯,1.9,1,對敏感族群不健康,,315,0.4
149,0.32,0.4,臺中市,2022/3/17 06:00,24.162197,120.616917,3.9,17,21,23,23,62,81,38,54,細懸浮微粒,32,西屯,1.7,1,對敏感族群不健康,,153,0.4
152,0.36,0.4,臺中市,2022/3/17 05:00,24.162197,120.616917,0.9,19.1,20.1,13.6,24,82,85,58,57,細懸浮微粒,32,西屯,1.4,1,對所有族群不健康,,182,0.3
153,0.34,0.4,臺中市,2022/3/17 04:00,24.162197,120.616917,0.3,12.8,13.1,23.1,26,81,88,53,58,細懸浮微粒,32,西屯,1.6,1,對所有族群不健康,,215,0.9
154,0.34,0.4,臺中市,2022/3/17 03:00,24.162197,120.616917,0.3,12,12.4,26.8,28,78,90,51,60,細懸浮微粒,32,西屯,1.6,1,對所有族群不健康,,215,1.2
154,0.36,0.5,臺中市,2022/3/17 02:00,24.162197,120.616917,0.3,12,12.4,27.7,29,87,91,58,61,細懸浮微粒,32,西屯,1.2,1,對所有族群不健康,,207,0.4
154,0.46,0.5,臺中市,2022/3/17 01:00,24.162197,120.616917,0.3,18.3,18.7,24.1,32,103,90,67,60,細懸浮微粒,32,西屯,1,1,對所有族群不健康,,198,1.9
152,0.58,0.5,臺中市,2022/3/17 00:00,24.162197,120.616917,0.3,20.6,21,23.6,37,103,85,69,57,細懸浮微粒,32,西屯,1,1,對所有族群不健康,,194,2
152,0.54,0.5,臺中市,2022/3/16 23:00,24.162197,120.616917,0.2,22,22.2,28.1,42,91,84,60,56,細懸浮微粒,32,西屯,1.3,1,對所有族群不健康,,218,0.8
152,0.51,0.4,臺中市,2022/3/16 22:00,24.162197,120.616917,0.4,23.8,24.3,28.3,46,82,85,55,57,細懸浮微粒,32,西屯,1.4,1,對所有族群不健康,,231,0.4
153,0.54,0.4,臺中市,2022/3/16 21:00,24.162197,120.616917,0.3,25.3,25.6,33.7,50,78,84,53,58,細懸浮微粒,32,西屯,1.8,1,對所有族群不健康,,177,1.4
153,0.61,0.4,臺中市,2022/3/16 20:00,24.162197,120.616917,0.3,27.4,27.8,33.2,54,101,85,65,58,細懸浮微粒,32,西屯,1.9,1,對所有族群不健康,,173,1.2
152,0.61,0.4,臺中市,2022/3/16 19:00,24.162197,120.616917,0.5,30,30.6,37.3,59,101,82,69,56,細懸浮微粒,32,西屯,1.4,1,對所有族群不健康,,189,0.7
147,0.49,0.4,臺中市,2022/3/16 18:00,24.162197,120.616917,0.8,20,20.9,54.2,62,78,77,58,53,細懸浮微粒,32,西屯,1,1,對敏感族群不健康,,316,0.5
140,0.42,0.4,臺中市,2022/3/16 17:00,24.162197,120.616917,1.3,18.3,19.6,59,61,84,75,54,50,細懸浮微粒,32,西屯,1.3,1,對敏感族群不健康,,326,0.7
137,0.42,0.4,臺中市,2022/3/16 16:00,24.162197,120.616917,1.3,13.6,14.9,64.4,55,73,73,55,49,細懸浮微粒,32,西屯,1.4,1,對敏感族群不健康,,312,2.1
133,0.37,0.4,臺中市,2022/3/16 15:00,24.162197,120.616917,1.7,12.7,14.4,63.3,48,68,73,46,48,細懸浮微粒,32,西屯,1.3,1,對敏感族群不健康,,325,2.3
139,0.34,0.4,臺中市,2022/3/16 14:00,24.162197,120.616917,1.9,13.7,15.7,59.5,42,64,76,38,50,細懸浮微粒,32,西屯,1.3,1,對敏感族群不健康,,347,2.8
145,0.35,0.5,臺中市,2022/3/16 13:00,24.162197,120.616917,1.5,16.3,17.9,66.2,34,70,78,46,52,細懸浮微粒,32,西屯,1.7,1,對敏感族群不健康,,299,3.5
148,0.38,0.5,臺中市,2022/3/16 12:00,24.162197,120.616917,1.4,13.8,15.2,75.5,27,71,79,47,54,細懸浮微粒,32,西屯,2,1,對敏感族群不健康,,161,1.1
152,0.48,0.5,臺中市,2022/3/16 11:00,24.162197,120.616917,2.5,18.4,20.9,59,19,95,83,66,56,細懸浮微粒,32,西屯,1.9,1,對所有族群不健康,,9,0.8
149,0.48,0.4,臺中市,2022/3/16 10:00,24.162197,120.616917,4.9,19.9,24.9,42,13,79,82,52,54,細懸浮微粒,32,西屯,1.7,1,對敏感族群不健康,,170,1.2
147,0.72,0.4,臺中市,2022/3/16 09:00,24.162197,120.616917,12.4,26.2,38.6,17.4,9,85,81,58,53,細懸浮微粒,32,西屯,1.6,1,對敏感族群不健康,,174,0.9
143,0.65,0.4,臺中市,2022/3/16 08:00,24.162197,120.616917,11.8,24.7,36.6,6.6,8,96,79,60,52,細懸浮微粒,32,西屯,1.3,1,對敏感族群不健康,,222,0.5
137,0.5,0.4,臺中市,2022/3/16 07:00,24.162197,120.616917,1.7,19.8,21.6,9.8,9,96,75,61,49,細懸浮微粒,32,西屯,1.1,1,對敏感族群不健康,,161,0.4
127,0.47,0.4,臺中市,2022/3/16 06:00,24.162197,120.616917,6.9,24.3,31.2,3.3,12,73,68,49,46,細懸浮微粒,32,西屯,0.9,1,對敏感族群不健康,,152,0.5
126,0.41,0.4,臺中市,2022/3/16 05:00,24.162197,120.616917,0.9,18.7,19.7,7.3,15,73,67,50,45,細懸浮微粒,32,西屯,0.6,1,對敏感族群不健康,,170,0.3
124,0.38,0.4,臺中市,2022/3/16 04:00,24.162197,120.616917,0.6,15,15.7,11,19,73,66,47,44,細懸浮微粒,32,西屯,0.7,1,對敏感族群不健康,,350,0.9
125,0.38,0.4,臺中市,2022/3/16 03:00,24.162197,120.616917,0.4,15.5,16,12.2,23,54,66,42,45,細懸浮微粒,32,西屯,0.8,1,對敏感族群不健康,,26,1.7
125,0.45,0.4,臺中市,2022/3/16 02:00,24.162197,120.616917,0.7,19.6,20.4,8.9,27,64,69,46,45,細懸浮微粒,32,西屯,0.9,1,對敏感族群不健康,,47,1.8
122,0.47,0.4,臺中市,2022/3/16 01:00,24.162197,120.616917,0.6,18.9,19.5,10.6,32,67,71,46,44,細懸浮微粒,32,西屯,1,1,對敏感族群不健康,,351,0.4
120,0.48,0.4,臺中市,2022/3/16 00:00,24.162197,120.616917,1.3,20.8,22.2,16.3,38,75,71,52,43,細懸浮微粒,32,西屯,1.1,1,對敏感族群不健康,,350,0.6
114,0.43,0.3,臺中市,2022/3/15 23:00,24.162197,120.616917,0.6,15.5,16.2,27.6,44,73,70,45,41,細懸浮微粒,32,西屯,0.9,1,對敏感族群不健康,,22,0.6
108,0.41,0.3,臺中市,2022/3/15 22:00,24.162197,120.616917,0.4,14.7,15.2,32.3,48,72,68,41,38,細懸浮微粒,32,西屯,0.7,1,對敏感族群不健康,,19,1.3
106,0.39,0.3,臺中市,2022/3/15 21:00,24.162197,120.616917,0.6,16.3,16.9,37.8,53,72,66,42,37,細懸浮微粒,32,西屯,0.8,1,對敏感族群不健康,,21,2.1
103,0.38,0.3,臺中市,2022/3/15 20:00,24.162197,120.616917,0.6,18.7,19.3,41.1,57,68,65,40,36,細懸浮微粒,32,西屯,0.9,1,對敏感族群不健康,,31,2.8
103,0.4,0.3,臺中市,2022/3/15 19:00,24.162197,120.616917,1.1,22.6,23.7,42.5,59,70,64,34,36,細懸浮微粒,32,西屯,0.8,1,對敏感族群不健康,,14,2.4
102,0.39,0.3,臺中市,2022/3/15 18:00,24.162197,120.616917,1.7,20.8,22.5,49.4,62,68,61,41,36,細懸浮微粒,32,西屯,1,1,對敏感族群不健康,,0,3.3
96,0.34,0.2,臺中市,2022/3/15 17:00,24.162197,120.616917,1.9,14,16,61.4,61,70,62,42,34,細懸浮微粒,32,西屯,1.1,1,普通,,30,3.4
91,0.31,0.3,臺中市,2022/3/15 16:00,24.162197,120.616917,,,,62.2,55,72,57,44,32,細懸浮微粒,32,西屯,1.3,1,普通,,341,2.5
85,0.27,0.3,臺中市,2022/3/15 15:00,24.162197,120.616917,,,,64.9,47,62,55,36,30,細懸浮微粒,32,西屯,1.3,1,普通,,354,3
81,,0.3,臺中市,2022/3/15 14:00,24.162197,120.616917,,,,69,37,88,51,33,28,細懸浮微粒,32,西屯,,1,普通,,344,4.5
75,,0.3,臺中市,2022/3/15 13:00,24.162197,120.616917,,,,67.9,27,48,41,35,25,細懸浮微粒,32,西屯,,1,普通,,342,3.1
67,0.31,0.3,臺中市,2022/3/15 12:00,24.162197,120.616917,1.8,12.7,14.6,,17,,41,,22,細懸浮微粒,32,西屯,1.7,1,普通,,334,2.6
70,,0.3,臺中市,2022/3/15 11:00,24.162197,120.616917,,,,,15,41,41,25,23,細懸浮微粒,32,西屯,,1,普通,,,
67,0.26,0.3,臺中市,2022/3/15 10:00,24.162197,120.616917,3.5,10.7,14.2,44.3,13,38,40,21,22,細懸浮微粒,32,西屯,1.7,1,普通,,353,3.1
66,0.41,0.3,臺中市,2022/3/15 09:00,24.162197,120.616917,7,17.6,24.6,24,8,46,39,20,21,細懸浮微粒,32,西屯,2.2,1,普通,,22,1.5
64,0.46,0.3,臺中市,2022/3/15 08:00,24.162197,120.616917,8.2,21.8,30.1,14.2,5,41,36,27,21,細懸浮微粒,32,西屯,1.7,1,普通,,46,2.1
61,0.32,0.3,臺中市,2022/3/15 07:00,24.162197,120.616917,7.4,20.2,27.7,5.1,4,29,35,17,20,細懸浮微粒,32,西屯,1.1,1,普通,,32,0.4
66,0.24,0.4,臺中市,2022/3/15 06:00,24.162197,120.616917,2.1,18.6,20.8,7.1,4,28,40,16,22,細懸浮微粒,32,西屯,1.1,1,普通,,32,0.4
69,0.22,0.4,臺中市,2022/3/15 05:00,24.162197,120.616917,1.6,16.1,17.7,12.1,6,29,44,18,23,細懸浮微粒,32,西屯,1.4,1,普通,,358,0.3
71,0.33,0.4,臺中市,2022/3/15 04:00,24.162197,120.616917,18.2,27.6,45.8,2,8,34,47,20,24,細懸浮微粒,32,西屯,1.2,1,普通,,48,1.5
73,0.53,0.4,臺中市,2022/3/15 03:00,24.162197,120.616917,17.1,32.8,49.9,1,12,70,48,32,25,細懸浮微粒,32,西屯,1.3,1,普通,,24,0.3
68,0.5,0.4,臺中市,2022/3/15 02:00,24.162197,120.616917,9.2,32.1,41.3,2.6,16,54,43,25,23,細懸浮微粒,32,西屯,1.3,1,普通,,23,0.3
67,0.52,0.3,臺中市,2022/3/15 01:00,24.162197,120.616917,6.5,35.8,42.3,3,21,46,40,27,22,細懸浮微粒,32,西屯,1.4,1,普通,,312,0.4
61,0.49,0.3,臺中市,2022/3/15 00:00,24.162197,120.616917,5,37.2,42.2,2.8,28,44,39,28,20,細懸浮微粒,32,西屯,1.5,1,普通,,25,0.4
58,0.53,0.2,臺中市,2022/3/14 23:00,24.162197,120.616917,7.3,33,40.3,7.5,34,43,37,22,18,細懸浮微粒,32,西屯,1.7,1,普通,,21,0.3
57,0.36,0.2,臺中市,2022/3/14 22:00,24.162197,120.616917,0.6,22.1,22.7,24,39,43,36,23,18,細懸浮微粒,32,西屯,1.7,1,普通,,55,0.4
56,0.31,0.2,臺中市,2022/3/14 21:00,24.162197,120.616917,0.5,17.8,18.4,25,42,42,36,14,18,細懸浮微粒,32,西屯,1.7,1,普通,,3,1.2
58,0.28,0.2,臺中市,2022/3/14 20:00,24.162197,120.616917,0.5,15.8,16.3,30.9,45,31,36,18,18,細懸浮微粒,32,西屯,1.3,1,普通,,17,1.2
58,0.27,0.2,臺中市,2022/3/14 19:00,24.162197,120.616917,0.3,12.8,13.1,34.7,47,34,37,18,18,細懸浮微粒,32,西屯,1.1,1,普通,,22,2.6
57,0.23,0.2,臺中市,2022/3/14 18:00,24.162197,120.616917,0.6,10.4,11.1,45.5,47,36,36,18,18,細懸浮微粒,32,西屯,1.2,1,普通,,343,1.4
55,0.2,0.2,臺中市,2022/3/14 17:00,24.162197,120.616917,1.1,8.9,10,53.7,44,44,35,16,17,細懸浮微粒,32,西屯,1.3,1,普通,,335,1.6
55,0.18,0.3,臺中市,2022/3/14 16:00,24.162197,120.616917,1.2,8.5,9.8,55.2,39,32,32,15,17,細懸浮微粒,32,西屯,1.1,1,普通,,329,1.9
57,0.17,0.3,臺中市,2022/3/14 15:00,24.162197,120.616917,1.1,7.4,8.6,50.6,33,25,33,14,18,細懸浮微粒,32,西屯,1.1,1,普通,,356,1.6
62,0.17,0.4,臺中市,2022/3/14 14:00,24.162197,120.616917,1.9,8.9,10.9,44.3,27,26,36,11,20,細懸浮微粒,32,西屯,1,1,普通,,277,0.9
68,0.22,0.4,臺中市,2022/3/14 13:00,24.162197,120.616917,1.8,10.9,12.8,46.1,22,31,41,15,22,細懸浮微粒,32,西屯,1.5,1,普通,,48,2.3
74,0.27,0.4,臺中市,2022/3/14 12:00,24.162197,120.616917,2.1,12.8,14.9,45.9,17,38,43,22,25,細懸浮微粒,32,西屯,1.8,1,普通,,323,2.2
75,0.33,0.4,臺中市,2022/3/14 11:00,24.162197,120.616917,5,19.8,24.9,35.4,14,46,44,29,25,細懸浮微粒,32,西屯,2.4,1,普通,,338,1.7
72,0.55,0.4,臺中市,2022/3/14 10:00,24.162197,120.616917,7.8,25.8,33.7,26.8,11,62,43,27,24,細懸浮微粒,32,西屯,2.6,1,普通,,44,0.4
70,0.68,0.3,臺中市,2022/3/14 09:00,24.162197,120.616917,16.3,27.7,44.1,12.8,10,47,39,29,23,細懸浮微粒,32,西屯,1.7,1,普通,,21,0.4
65,0.54,0.3,臺中市,2022/3/14 08:00,24.162197,120.616917,21.5,20.7,42.3,4.8,10,42,36,25,21,細懸浮微粒,32,西屯,1.2,1,普通,,35,0.4
61,0.45,0.3,臺中市,2022/3/14 07:00,24.162197,120.616917,13.5,21.5,35,1.8,11,38,34,24,20,細懸浮微粒,32,西屯,1.2,1,普通,,184,0.4
58,0.33,0.3,臺中市,2022/3/14 06:00,24.162197,120.616917,6.5,17.6,24.1,8.2,12,35,32,20,18,細懸浮微粒,32,西屯,1.2,1,普通,,48,0.4
57,0.28,0.3,臺中市,2022/3/14 05:00,24.162197,120.616917,0.6,15.8,16.4,7.7,12,24,33,14,18,細懸浮微粒,32,西屯,1,1,普通,,314,0.4
62,0.27,0.3,臺中市,2022/3/14 04:00,24.162197,120.616917,0.4,12.5,12.9,15.2,15,33,35,18,20,細懸浮微粒,32,西屯,1.2,1,普通,,34,0.3
63,0.29,0.3,臺中市,2022/3/14 03:00,24.162197,120.616917,0.6,12.6,13.2,15.7,17,28,37,18,20,細懸浮微粒,32,西屯,1.2,1,普通,,230,0.4
65,0.3,0.3,臺中市,2022/3/14 02:00,24.162197,120.616917,0.5,12.9,13.4,18.4,20,42,39,20,21,細懸浮微粒,32,西屯,1.2,2,普通,,195,0.4
66,0.4,0.3,臺中市,2022/3/14 01:00,24.162197,120.616917,0.7,23.6,24.3,12.4,24,34,38,29,21,細懸浮微粒,32,西屯,1.1,2,普通,,238,0.4
61,0.46,0.3,臺中市,2022/3/14 00:00,24.162197,120.616917,0.7,25.9,26.6,10.4,30,52,38,21,20,細懸浮微粒,32,西屯,1.2,2,普通,,219,0.4
58,0.48,0.2,臺中市,2022/3/13 23:00,24.162197,120.616917,0.9,27.4,28.3,9.7,35,42,34,23,18,細懸浮微粒,32,西屯,1.4,2,普通,,209,0.4
54,0.44,0.2,臺中市,2022/3/13 22:00,24.162197,120.616917,0.8,26.8,27.6,14.4,40,40,32,25,17,細懸浮微粒,32,西屯,1.7,2,普通,,32,0.4
49,0.32,0.2,臺中市,2022/3/13 21:00,24.162197,120.616917,0.5,17.6,18.1,27.1,46,39,31,19,15,,32,西屯,1.8,2,良好,,98,0.4
53,0.26,0.2,臺中市,2022/3/13 20:00,24.162197,120.616917,0.5,12.7,13.2,35.2,51,32,31,15,16,細懸浮微粒,32,西屯,1.2,2,普通,,25,1.2
58,0.21,0.2,臺中市,2022/3/13 19:00,24.162197,120.616917,0.5,10.7,11.2,39.3,54,25,33,11,18,細懸浮微粒,32,西屯,1,2,普通,,12,1.5
67,0.18,0.2,臺中市,2022/3/13 18:00,24.162197,120.616917,0.6,6.1,6.7,47.8,55,30,38,12,22,細懸浮微粒,32,西屯,1.4,2,普通,,354,2.6
73,0.2,0.2,臺中市,2022/3/13 17:00,24.162197,120.616917,0.9,6.2,7.1,56.8,55,32,40,17,24,細懸浮微粒,32,西屯,1.9,2,普通,,351,3.3
78,0.26,0.3,臺中市,2022/3/13 16:00,24.162197,120.616917,1.7,8.7,10.4,52.3,51,29,42,14,26,細懸浮微粒,32,西屯,3,2,普通,,333,2.3
84,0.39,0.3,臺中市,2022/3/13 15:00,24.162197,120.616917,1.8,10,11.8,54.8,47,41,44,21,29,細懸浮微粒,32,西屯,6.3,2,普通,,309,3.5
86,0.19,0.3,臺中市,2022/3/13 14:00,24.162197,120.616917,0.7,4.7,5.5,56.6,40,21,44,13,30,細懸浮微粒,32,西屯,2.5,2,普通,,304,2.9
94,0.21,0.3,臺中市,2022/3/13 13:00,24.162197,120.616917,0.8,5.8,6.6,65.2,34,28,48,15,33,細懸浮微粒,32,西屯,2.3,2,普通,,341,1.9
109,0.21,0.4,臺中市,2022/3/13 12:00,24.162197,120.616917,1.2,6.4,7.7,59.2,27,21,55,14,39,細懸浮微粒,32,西屯,1.9,2,對敏感族群不健康,,335,1.3
128,0.27,0.4,臺中市,2022/3/13 11:00,24.162197,120.616917,1.7,9.9,11.7,54,21,29,66,16,46,細懸浮微粒,32,西屯,1.9,2,對敏感族群不健康,,161,1.8
147,0.36,0.5,臺中市,2022/3/13 10:00,24.162197,120.616917,3.3,14.4,17.7,45.8,15,40,75,29,53,細懸浮微粒,32,西屯,1.7,2,對敏感族群不健康,,322,0.4
153,0.54,0.5,臺中市,2022/3/13 09:00,24.162197,120.616917,5.7,19.7,25.4,27.9,10,71,83,54,58,細懸浮微粒,32,西屯,2.1,2,對所有族群不健康,,4,0.4
154,0.52,0.5,臺中市,2022/3/13 08:00,24.162197,120.616917,4.1,17.4,21.5,13.6,8,93,86,63,60,細懸浮微粒,32,西屯,2,2,對所有族群不健康,,6,0.4
154,0.48,0.5,臺中市,2022/3/13 07:00,24.162197,120.616917,2.2,19,21.3,5.5,7,92,87,67,60,細懸浮微粒,32,西屯,1.7,2,對所有族群不健康,,149,0.4
152,0.51,0.6,臺中市,2022/3/13 06:00,24.162197,120.616917,3.2,23.6,26.8,3.5,8,95,83,68,57,細懸浮微粒,32,西屯,1.5,2,對所有族群不健康,,224,0.4
142,0.41,0.6,臺中市,2022/3/13 05:00,24.162197,120.616917,0.6,16.8,17.4,11.7,8,102,76,70,51,細懸浮微粒,32,西屯,1.5,2,對敏感族群不健康,,149,0.3
127,0.57,0.6,臺中市,2022/3/13 04:00,24.162197,120.616917,1.1,23.4,24.5,8.5,7,102,68,71,46,細懸浮微粒,32,西屯,2.4,2,對敏感族群不健康,,216,0.4
112,0.68,0.7,臺中市,2022/3/13 03:00,24.162197,120.616917,2.3,29.8,32.2,3.9,6,85,61,60,40,細懸浮微粒,32,西屯,3.7,2,對敏感族群不健康,,202,0.5
98,0.54,0.6,臺中市,2022/3/13 02:00,24.162197,120.616917,1,25.1,26.1,9.7,10,57,55,39,35,細懸浮微粒,32,西屯,1.6,1,普通,,167,0.6
95,0.64,0.6,臺中市,2022/3/13 01:00,24.162197,120.616917,0.3,31.6,31.9,8.6,16,61,54,40,33,細懸浮微粒,32,西屯,2.6,1,普通,,202,0.4
93,0.76,0.5,臺中市,2022/3/13 00:00,24.162197,120.616917,0.4,32.4,32.8,9.5,21,71,54,43,32,細懸浮微粒,32,西屯,3,1,普通,,229,0.4
91,0.7,0.5,臺中市,2022/3/12 23:00,24.162197,120.616917,1.4,33.5,35,13.1,27,50,54,32,32,細懸浮微粒,32,西屯,2.1,1,普通,,179,0.4
88,0.77,0.4,臺中市,2022/3/12 22:00,24.162197,120.616917,5.8,47.6,53.4,1.8,33,60,53,36,30,細懸浮微粒,32,西屯,2.1,1,普通,,190,0.3
82,0.81,0.3,臺中市,2022/3/12 21:00,24.162197,120.616917,12.3,50.9,63.3,1.8,40,64,49,37,28,細懸浮微粒,32,西屯,2.7,1,普通,,189,0.4
76,0.75,0.3,臺中市,2022/3/12 20:00,24.162197,120.616917,11.6,50.9,62.5,1.7,47,76,43,41,26,細懸浮微粒,32,西屯,3,1,普通,,183,0.4
69,0.45,0.2,臺中市,2022/3/12 19:00,24.162197,120.616917,0.4,23.8,24.2,40.1,56,38,38,24,23,細懸浮微粒,32,西屯,1.9,1,普通,,173,0.8
68,0.28,0.2,臺中市,2022/3/12 18:00,24.162197,120.616917,0.7,13.1,13.8,52.2,58,33,38,21,22,細懸浮微粒,32,西屯,2,1,普通,,0,0.4
68,0.24,0.2,臺中市,2022/3/12 17:00,24.162197,120.616917,1.3,11.5,12.9,53.4,56,31,39,20,22,細懸浮微粒,32,西屯,2.4,1,普通,,285,1.7
72,0.23,0.2,臺中市,2022/3/12 16:00,24.162197,120.616917,1.7,11.6,13.4,58.4,53,39,41,19,24,細懸浮微粒,32,西屯,3.1,1,普通,,292,1.5
76,0.2,0.3,臺中市,2022/3/12 15:00,24.162197,120.616917,1.3,8.8,10.1,59.7,47,34,44,17,26,細懸浮微粒,32,西屯,1.4,1,普通,,299,3.1
82,0.2,0.3,臺中市,2022/3/12 14:00,24.162197,120.616917,1.6,10.3,11.9,56.1,40,35,47,19,28,細懸浮微粒,32,西屯,1.4,1,普通,,308,3.3
84,0.25,0.3,臺中市,2022/3/12 13:00,24.162197,120.616917,1.4,12,13.5,61.8,33,41,50,28,29,細懸浮微粒,32,西屯,1.5,1,普通,,290,3.4
86,0.3,0.4,臺中市,2022/3/12 12:00,24.162197,120.616917,1.2,11.6,12.9,74.2,25,57,51,30,30,細懸浮微粒,32,西屯,1.8,1,普通,,29,1.5
89,0.33,0.4,臺中市,2022/3/12 11:00,24.162197,120.616917,3.6,16.4,20.1,53.3,16,51,51,28,31,細懸浮微粒,32,西屯,2.1,1,普通,,187,1.8
91,0.34,0.5,臺中市,2022/3/12 10:00,24.162197,120.616917,5.3,18.3,23.6,36.1,10,45,51,22,32,細懸浮微粒,32,西屯,1.6,1,普通,,178,1.4
93,0.44,0.5,臺中市,2022/3/12 09:00,24.162197,120.616917,8.4,19.8,28.2,25.3,5,41,52,32,32,細懸浮微粒,32,西屯,1.8,1,普通,,95,0.4
92,0.5,0.6,臺中市,2022/3/12 08:00,24.162197,120.616917,9.8,20.6,30.4,10.7,3,52,54,37,32,細懸浮微粒,32,西屯,1.8,1,普通,,54,0.4
89,0.47,0.6,臺中市,2022/3/12 07:00,24.162197,120.616917,9.8,23.5,33.4,5.8,2,54,55,34,31,細懸浮微粒,32,西屯,1.6,1,普通,,31,0.3
89,0.53,0.6,臺中市,2022/3/12 06:00,24.162197,120.616917,11.6,27,38.7,1.3,3,44,56,28,31,細懸浮微粒,32,西屯,1.5,1,普通,,26,0.3
90,0.58,0.6,臺中市,2022/3/12 05:00,24.162197,120.616917,17.1,32.1,49.2,1,7,50,60,32,32,細懸浮微粒,32,西屯,1.4,1,普通,,134,0.3
90,0.72,0.5,臺中市,2022/3/12 04:00,24.162197,120.616917,34.3,34.1,68.4,1.1,13,65,63,32,31,細懸浮微粒,32,西屯,1.5,1,普通,,191,0.3
88,0.73,0.5,臺中市,2022/3/12 03:00,24.162197,120.616917,28,35.5,63.5,1.1,20,61,61,36,31,細懸浮微粒,32,西屯,1.5,1,普通,,71,0.4
84,0.7,0.4,臺中市,2022/3/12 02:00,24.162197,120.616917,13.2,37.5,50.8,1,27,70,60,35,29,細懸浮微粒,32,西屯,1.4,1,普通,,307,0.4
81,0.57,0.4,臺中市,2022/3/12 01:00,24.162197,120.616917,5.6,43.9,49.5,2.7,34,75,57,34,28,細懸浮微粒,32,西屯,1.4,1,普通,,34,0.3
76,0.59,0.3,臺中市,2022/3/12 00:00,24.162197,120.616917,7,48.3,55.3,2.2,42,56,53,34,26,細懸浮微粒,32,西屯,1.7,1,普通,,3,0.4
71,0.53,0.3,臺中市,2022/3/11 23:00,24.162197,120.616917,1.6,32.5,34.1,18.4,50,57,52,28,24,細懸浮微粒,32,西屯,1.8,1,普通,,102,0.3
70,0.42,0.2,臺中市,2022/3/11 22:00,24.162197,120.616917,0.8,22.7,23.6,35.7,56,58,51,27,23,細懸浮微粒,32,西屯,2,1,普通,,59,0.4
68,0.32,0.2,臺中市,2022/3/11 21:00,24.162197,120.616917,0.8,19.2,20,46.1,60,55,50,26,22,細懸浮微粒,32,西屯,2.2,1,普通,,21,2.2
77,0.3,0.2,臺中市,2022/3/11 20:00,24.162197,120.616917,0.9,17.5,18.4,53.8,63,55,49,23,21,臭氧八小時,32,西屯,1.4,1,普通,,1,2.5
77,0.29,0.2,臺中市,2022/3/11 19:00,24.162197,120.616917,1.2,17.7,19,57.7,63,55,48,25,20,臭氧八小時,32,西屯,1.3,1,普通,,14,2.4
71,0.25,0.1,臺中市,2022/3/11 18:00,24.162197,120.616917,1.8,18.3,20.1,57.5,61,54,46,21,19,臭氧八小時,32,西屯,1.2,1,普通,,5,3.5
59,0.19,0.2,臺中市,2022/3/11 17:00,24.162197,120.616917,1.5,10.6,12.1,66.6,57,54,42,17,19,細懸浮微粒,32,西屯,1.1,1,普通,,2,3.2
59,0.17,0.2,臺中市,2022/3/11 16:00,24.162197,120.616917,1.2,7.5,8.8,67.9,52,48,39,12,19,細懸浮微粒,32,西屯,1,1,普通,,349,3.7
66,0.16,0.2,臺中市,2022/3/11 15:00,24.162197,120.616917,1.1,5.5,6.6,68,47,39,38,,21,細懸浮微粒,32,西屯,1,1,普通,,346,3.7
66,0.16,0.3,臺中市,2022/3/11 14:00,24.162197,120.616917,1.2,5.3,6.6,68,39,35,38,21,22,細懸浮微粒,32,西屯,1.1,1,普通,,324,2.7
70,0.17,0.3,臺中市,2022/3/11 13:00,24.162197,120.616917,1.9,7.2,9.2,64.9,31,37,40,16,23,細懸浮微粒,32,西屯,1.2,1,普通,,301,3.1
74,0.22,0.3,臺中市,2022/3/11 12:00,24.162197,120.616917,3.2,12,15.2,56.7,25,43,42,23,25,細懸浮微粒,32,西屯,1.6,1,普通,,3,2.5
79,0.25,0.3,臺中市,2022/3/11 11:00,24.162197,120.616917,5.6,14.3,19.9,44.6,18,36,42,21,27,細懸浮微粒,32,西屯,2.2,1,普通,,26,2.9
80,0.37,0.3,臺中市,2022/3/11 10:00,24.162197,120.616917,11,22.7,33.7,27.2,13,46,45,30,27,細懸浮微粒,32,西屯,2.1,1,普通,,47,2.5
76,0.47,0.4,臺中市,2022/3/11 09:00,24.162197,120.616917,9.9,23.5,33.5,22.1,10,41,45,23,26,細懸浮微粒,32,西屯,2.1,1,普通,,34,0.4
76,0.36,0.4,臺中市,2022/3/11 08:00,24.162197,120.616917,4.4,16.9,21.4,24.6,7,45,45,34,26,細懸浮微粒,32,西屯,1.4,1,普通,,35,0.3
73,0.42,0.5,臺中市,2022/3/11 07:00,24.162197,120.616917,17.4,23.6,41.1,7.8,4,43,45,22,24,細懸浮微粒,32,西屯,1.6,1,普通,,14,1
73,0.35,0.5,臺中市,2022/3/11 06:00,24.162197,120.616917,5.3,21.1,26.4,7.8,4,34,46,15,25,細懸浮微粒,32,西屯,1.1,1,普通,,74,0.3
80,0.29,0.6,臺中市,2022/3/11 05:00,24.162197,120.616917,1.2,19.1,20.4,10.7,3,34,47,20,27,細懸浮微粒,32,西屯,0.8,1,普通,,242,0.3
84,0.37,0.6,臺中市,2022/3/11 04:00,24.162197,120.616917,2.8,24.3,27.2,5.6,3,39,51,26,29,細懸浮微粒,32,西屯,1.1,1,普通,,215,0.3
86,0.56,0.6,臺中市,2022/3/11 03:00,24.162197,120.616917,9.3,29.2,38.6,2.2,6,47,53,24,30,細懸浮微粒,32,西屯,1.1,1,普通,,169,0.3
87,0.59,0.6,臺中市,2022/3/11 02:00,24.162197,120.616917,5.5,31,36.5,2.3,11,44,56,33,30,細懸浮微粒,32,西屯,1.2,1,普通,,200,0.3
87,0.68,0.6,臺中市,2022/3/11 01:00,24.162197,120.616917,9.9,39.8,49.8,1.7,17,59,60,35,30,細懸浮微粒,32,西屯,1.8,1,普通,,243,0.3
83,0.77,0.5,臺中市,2022/3/11 00:00,24.162197,120.616917,15.1,39.4,54.5,1,24,53,59,34,28,細懸浮微粒,32,西屯,1.6,1,普通,,206,0.3
80,0.84,0.5,臺中市,2022/3/10 23:00,24.162197,120.616917,19.6,46.9,66.6,0.8,30,75,60,32,27,細懸浮微粒,32,西屯,1.6,1,普通,,73,0.3
76,0.86,0.4,臺中市,2022/3/10 22:00,24.162197,120.616917,17.9,54.4,72.4,1,37,81,56,38,26,細懸浮微粒,32,西屯,1.5,1,普通,,19,0.3
68,0.61,0.3,臺中市,2022/3/10 21:00,24.162197,120.616917,1.6,47.4,49,11.6,45,60,50,27,22,細懸浮微粒,32,西屯,1.3,1,普通,,349,0.4
65,0.46,0.3,臺中市,2022/3/10 20:00,24.162197,120.616917,0.4,25.6,26,29.1,52,62,48,30,21,細懸浮微粒,32,西屯,1.3,1,普通,,319,0.4
61,0.33,0.2,臺中市,2022/3/10 19:00,24.162197,120.616917,0.5,16.9,17.5,44.3,56,54,44,23,20,細懸浮微粒,32,西屯,1.3,1,普通,,11,0.3
61,0.26,0.2,臺中市,2022/3/10 18:00,24.162197,120.616917,0.8,12.9,13.8,51.6,58,49,41,20,19,臭氧八小時,32,西屯,1.3,1,普通,,341,0.4
59,0.18,0.2,臺中市,2022/3/10 17:00,24.162197,120.616917,1.8,13,14.9,52.7,57,42,40,17,19,細懸浮微粒,32,西屯,1.4,1,普通,,341,2
60,0.83,0.2,臺中市,2022/3/10 16:00,24.162197,120.616917,3.1,16.8,19.9,50.5,54,39,40,20,19,細懸浮微粒,32,西屯,5.4,1,普通,,326,2.5
62,0.33,0.2,臺中市,2022/3/10 15:00,24.162197,120.616917,1.2,9.5,10.8,57,49,34,42,17,20,細懸浮微粒,32,西屯,2.8,1,普通,,304,3.9
65,0.16,0.2,臺中市,2022/3/10 14:00,24.162197,120.616917,0.7,6.4,7.2,68,44,42,44,18,21,細懸浮微粒,32,西屯,1.3,1,普通,,300,2.8
64,0.14,0.2,臺中市,2022/3/10 13:00,24.162197,120.616917,0.7,5.4,6.2,65.6,38,40,44,16,21,細懸浮微粒,32,西屯,1.4,1,普通,,125,2.4
66,0.14,0.2,臺中市,2022/3/10 12:00,24.162197,120.616917,1,6.5,7.5,63.7,31,42,46,20,22,細懸浮微粒,32,西屯,1.3,1,普通,,223,3.1
69,0.16,0.3,臺中市,2022/3/10 11:00,24.162197,120.616917,1.2,7.4,8.7,58.5,27,40,48,16,23,細懸浮微粒,32,西屯,1.5,1,普通,,193,2.2
74,0.2,0.3,臺中市,2022/3/10 10:00,24.162197,120.616917,4,13,17.1,46,23,44,49,16,25,細懸浮微粒,32,西屯,1.8,1,普通,,172,2.2
76,0.41,0.3,臺中市,2022/3/10 09:00,24.162197,120.616917,8.3,23.2,31.6,30.2,21,55,49,21,26,細懸浮微粒,32,西屯,2.3,1,普通,,190,2.4
80,0.5,0.3,臺中市,2022/3/10 08:00,24.162197,120.616917,13.6,27.1,40.7,10.8,20,43,49,26,27,細懸浮微粒,32,西屯,2.1,1,普通,,186,1.1
84,0.31,0.3,臺中市,2022/3/10 07:00,24.162197,120.616917,1.4,20.2,21.7,11.7,22,42,53,25,29,細懸浮微粒,32,西屯,1.5,1,普通,,193,0.3
89,0.26,0.3,臺中市,2022/3/10 06:00,24.162197,120.616917,0.5,15.6,16.1,19.1,25,38,58,22,31,細懸浮微粒,32,西屯,1.4,1,普通,,194,0.3
89,0.29,0.3,臺中市,2022/3/10 05:00,24.162197,120.616917,0.6,21.1,21.8,13.5,26,53,58,32,31,細懸浮微粒,32,西屯,1.2,1,普通,,207,0.3
83,0.3,0.3,臺中市,2022/3/10 04:00,24.162197,120.616917,0.2,13,13.3,27.6,31,66,57,40,29,細懸浮微粒,32,西屯,1.1,1,普通,,183,0.3
78,0.33,0.3,臺中市,2022/3/10 03:00,24.162197,120.616917,0.1,13.4,13.5,31.4,34,72,57,44,26,細懸浮微粒,32,西屯,1.3,1,普通,,175,0.3
71,0.29,0.3,臺中市,2022/3/10 02:00,24.162197,120.616917,0.5,16.1,16.7,26.7,37,39,55,21,24,細懸浮微粒,32,西屯,1.3,1,普通,,210,0.5
72,0.32,0.3,臺中市,2022/3/10 01:00,24.162197,120.616917,0.6,18.1,18.7,26.9,42,49,58,21,24,細懸浮微粒,32,西屯,1.3,1,普通,,204,1.4
72,0.43,0.3,臺中市,2022/3/10 00:00,24.162197,120.616917,0.6,20.8,21.5,26.8,47,71,60,31,24,細懸浮微粒,32,西屯,1.6,1,普通,,209,0.3
67,0.38,0.2,臺中市,2022/3/9 23:00,24.162197,120.616917,0.6,18.3,19,35.4,52,69,58,32,22,細懸浮微粒,32,西屯,1.3,1,普通,,214,0.3
63,0.45,0.2,臺中市,2022/3/9 22:00,24.162197,120.616917,0.9,27.4,28.4,25.8,56,63,56,24,20,細懸浮微粒,32,西屯,1.1,1,普通,,176,1.2
71,0.31,0.2,臺中市,2022/3/9 21:00,24.162197,120.616917,0.6,13.5,14.2,48.8,61,66,53,26,19,臭氧八小時,32,西屯,0.9,1,普通,,87,0.3
77,0.27,0.2,臺中市,2022/3/9 20:00,24.162197,120.616917,0.6,12.2,12.9,55.5,63,64,49,20,17,臭氧八小時,32,西屯,0.9,1,普通,,338,0.3
80,0.25,0.1,臺中市,2022/3/9 19:00,24.162197,120.616917,0.7,12.3,13,55.9,64,58,46,21,17,臭氧八小時,32,西屯,1,1,普通,,347,1.2
77,0.21,0.1,臺中市,2022/3/9 18:00,24.162197,120.616917,0.8,9.9,10.7,61.1,63,46,42,18,16,臭氧八小時,32,西屯,1.2,1,普通,,337,2
67,0.18,0.2,臺中市,2022/3/9 17:00,24.162197,120.616917,1.1,8.8,9.9,68.8,60,41,42,12,16,臭氧八小時,32,西屯,1,1,普通,,356,4.6
51,0.17,0.2,臺中市,2022/3/9 16:00,24.162197,120.616917,1,7.3,8.3,68.8,55,39,42,16,16,細懸浮微粒,32,西屯,1.1,1,普通,,355,5.3
50,0.16,0.3,臺中市,2022/3/9 15:00,24.162197,120.616917,1,5.6,6.7,68.3,47,38,43,12,15,,32,西屯,1.2,1,良好,,355,4.3
55,0.18,0.3,臺中市,2022/3/9 14:00,24.162197,120.616917,1.1,5.4,6.6,68.2,39,46,43,17,17,細懸浮微粒,32,西屯,1.1,1,普通,,347,3.9
57,0.18,0.3,臺中市,2022/3/9 13:00,24.162197,120.616917,1.1,6.2,7.4,59.4,31,39,44,9,18,細懸浮微粒,32,西屯,1.3,1,普通,,319,3.5
62,0.19,0.4,臺中市,2022/3/9 12:00,24.162197,120.616917,1.1,7,8.2,62.2,24,45,46,,20,細懸浮微粒,32,西屯,1.5,1,普通,,327,3.5
61,0.31,0.4,臺中市,2022/3/9 11:00,24.162197,120.616917,,,,48.4,16,,46,22,20,細懸浮微粒,32,西屯,2.8,1,普通,,305,0.6
60,0.39,0.4,臺中市,2022/3/9 10:00,24.162197,120.616917,6.1,21.3,27.5,40.4,10,53,44,20,19,細懸浮微粒,32,西屯,2.1,1,普通,,88,0.4
59,0.41,0.4,臺中市,2022/3/9 09:00,24.162197,120.616917,7.6,19.7,27.4,29,6,53,43,20,19,細懸浮微粒,32,西屯,1.6,1,普通,,21,0.4
59,0.67,0.4,臺中市,2022/3/9 08:00,24.162197,120.616917,23.4,31.3,54.7,5.6,3,48,41,21,19,細懸浮微粒,32,西屯,1.5,1,普通,,12,0.4
57,0.48,0.4,臺中市,2022/3/9 07:00,24.162197,120.616917,15.6,30,45.7,2.8,3,41,40,22,18,細懸浮微粒,32,西屯,1.4,1,普通,,40,0.3
55,0.39,0.3,臺中市,2022/3/9 06:00,24.162197,120.616917,7.6,27.1,34.7,2.8,5,48,38,18,17,細懸浮微粒,32,西屯,1.5,1,普通,,32,0.3
54,0.41,0.3,臺中市,2022/3/9 05:00,24.162197,120.616917,11.4,29.1,40.5,1.4,6,45,36,22,17,細懸浮微粒,32,西屯,2,1,普通,,45,0.3
50,0.39,0.3,臺中市,2022/3/9 04:00,24.162197,120.616917,5.3,30.5,35.9,1.6,10,44,35,18,15,,32,西屯,2.2,1,良好,,95,0.3
45,0.34,0.3,臺中市,2022/3/9 03:00,24.162197,120.616917,2.7,27.6,30.4,3.9,15,29,32,17,14,,32,西屯,1.5,1,良好,,295,0.3
48,0.37,0.3,臺中市,2022/3/9 02:00,24.162197,120.616917,3.4,29.6,33,2.9,21,34,33,18,13,,32,西屯,1.2,1,良好,,175,0.3
51,0.44,0.3,臺中市,2022/3/9 01:00,24.162197,120.616917,1.7,31.5,33.3,5.1,27,36,33,16,12,二氧化氮,32,西屯,1.3,1,普通,,205,0.3
50,0.41,0.2,臺中市,2022/3/9 00:00,24.162197,120.616917,1.3,30.7,32,8,32,25,33,11,12,,32,西屯,1.4,1,良好,,109,0.3
45,0.36,0.2,臺中市,2022/3/8 23:00,24.162197,120.616917,1.3,27.2,28.6,16.7,38,32,34,13,12,,32,西屯,1.5,0,良好,,16,0.3
51,0.36,0.2,臺中市,2022/3/8 22:00,24.162197,120.616917,1.9,31.8,33.7,16.1,43,32,34,12,11,二氧化氮,32,西屯,1.5,0,普通,,52,0.3
45,0.26,0.1,臺中市,2022/3/8 21:00,24.162197,120.616917,0.6,18.7,19.4,32.4,49,36,34,15,11,,32,西屯,1.4,0,良好,,6,0.3
48,0.21,0.1,臺中市,2022/3/8 20:00,24.162197,120.616917,0.6,12.3,13,41.2,52,33,34,12,10,,32,西屯,1.2,0,良好,,2,2.3
49,0.19,0.1,臺中市,2022/3/8 19:00,24.162197,120.616917,0.7,10.5,11.3,46,53,33,35,11,9,,32,西屯,1.1,0,良好,,12,3.7
49,0.18,0.1,臺中市,2022/3/8 18:00,24.162197,120.616917,0.9,9.8,10.7,50.7,53,40,36,9,9,,32,西屯,1,0,良好,,14,4.1
47,0.15,0.1,臺中市,2022/3/8 17:00,24.162197,120.616917,1.8,11.2,13,52.1,51,38,35,8,9,,32,西屯,1,0,良好,,12,5
45,0.15,0.1,臺中市,2022/3/8 16:00,24.162197,120.616917,2.1,11.2,13.4,52.1,49,43,33,10,9,,32,西屯,0.9,0,良好,,349,4.9
43,0.15,0.1,臺中市,2022/3/8 15:00,24.162197,120.616917,1.6,8.9,10.6,57,46,44,30,10,9,,32,西屯,0.9,0,良好,,356,5
40,0.16,0.1,臺中市,2022/3/8 14:00,24.162197,120.616917,1.6,9.2,10.9,60.6,43,41,27,12,8,,32,西屯,0.9,0,良好,,350,4.4
37,0.17,0.1,臺中市,2022/3/8 13:00,24.162197,120.616917,1.3,7,8.4,59.9,40,26,24,9,7,,32,西屯,0.8,0,良好,,49,2
35,0.16,0.1,臺中市,2022/3/8 12:00,24.162197,120.616917,2.2,7.2,9.4,50.8,38,27,23,6,7,,32,西屯,0.9,0,良好,,277,1.3
34,0.17,0.1,臺中市,2022/3/8 11:00,24.162197,120.616917,4.2,10.6,14.9,41.3,37,25,22,6,8,,32,西屯,1.2,0,良好,,8,3.2
34,0.18,0.1,臺中市,2022/3/8 10:00,24.162197,120.616917,3.3,10.4,13.7,37.5,37,27,21,8,8,,32,西屯,1.2,0,良好,,28,3.7
35,0.19,0.1,臺中市,2022/3/8 09:00,24.162197,120.616917,3,10.8,13.8,35.8,38,26,19,8,7,,32,西屯,1,0,良好,,21,4
35,0.26,0.1,臺中市,2022/3/8 08:00,24.162197,120.616917,3.5,14.7,18.2,28.8,38,20,18,8,7,,32,西屯,1.3,0,良好,,14,4
37,0.19,0.1,臺中市,2022/3/8 07:00,24.162197,120.616917,1,11.1,12.2,31.7,40,19,18,6,7,,32,西屯,0.9,0,良好,,29,2.4
38,0.16,0.1,臺中市,2022/3/8 06:00,24.162197,120.616917,0.5,7.1,7.7,38.1,41,19,18,7,7,,32,西屯,0.7,0,良好,,27,2.1
39,0.14,0.1,臺中市,2022/3/8 05:00,24.162197,120.616917,0.5,6.4,7,42.1,42,23,17,8,7,,32,西屯,0.7,0,良好,,22,3.5
40,0.14,0.1,臺中市,2022/3/8 04:00,24.162197,120.616917,0.6,6.7,7.3,42.8,43,20,16,9,7,,32,西屯,0.7,0,良好,,21,4.8
40,0.17,0.1,臺中市,2022/3/8 03:00,24.162197,120.616917,0.7,7.4,8.2,42.5,43,18,15,9,6,,32,西屯,0.7,0,良好,,18,5.5
40,0.18,0.1,臺中市,2022/3/8 02:00,24.162197,120.616917,0.5,8.6,9.2,42.3,43,15,13,7,6,,32,西屯,0.7,0,良好,,14,4.3
40,0.19,0.1,臺中市,2022/3/8 01:00,24.162197,120.616917,0.4,8.3,8.7,42.2,43,21,13,8,5,,32,西屯,0.8,0,良好,,10,5
40,0.19,0.1,臺中市,2022/3/8 00:00,24.162197,120.616917,0.4,7.8,8.3,41.5,43,15,12,7,5,,32,西屯,0.8,0,良好,,8,5.1
40,0.18,0.1,臺中市,2022/3/7 23:00,24.162197,120.616917,0.5,6.3,6.8,43.9,43,9,11,5,4,,32,西屯,0.8,0,良好,,10,4.6
39,0.18,0.1,臺中市,2022/3/7 22:00,24.162197,120.616917,0.5,5.6,6.2,46.3,42,16,12,7,4,,32,西屯,0.6,0,良好,,11,5.6
39,0.17,0.1,臺中市,2022/3/7 21:00,24.162197,120.616917,0.3,6,6.4,45.6,42,12,11,3,3,,32,西屯,0.6,0,良好,,17,5.9
38,0.17,0.1,臺中市,2022/3/7 20:00,24.162197,120.616917,0.4,7.4,7.8,43.1,41,12,10,3,3,,32,西屯,0.7,0,良好,,17,6.6
37,0.19,0.1,臺中市,2022/3/7 19:00,24.162197,120.616917,0.4,8,8.5,40.6,40,12,9,4,3,,32,西屯,0.7,0,良好,,13,5.7
37,0.16,0.1,臺中市,2022/3/7 18:00,24.162197,120.616917,0.9,7.3,8.3,42.9,40,9,9,2,3,,32,西屯,0.7,0,良好,,16,5.7
37,0.15,0.1,臺中市,2022/3/7 17:00,24.162197,120.616917,1.2,7.6,8.9,42.6,40,9,11,0,4,,32,西屯,0.7,0,良好,,14,5.5
36,0.14,0.1,臺中市,2022/3/7 16:00,24.162197,120.616917,1.9,8.6,10.5,41,39,7,12,1,5,,32,西屯,0.6,0,良好,,16,7.3
36,0.14,0.1,臺中市,2022/3/7 15:00,24.162197,120.616917,1.4,8.5,10,39.9,39,11,15,4,6,,32,西屯,0.6,0,良好,,4,7.1
37,0.15,0.1,臺中市,2022/3/7 14:00,24.162197,120.616917,1,6.8,7.9,40.9,40,13,17,5,7,,32,西屯,0.6,0,良好,,3,5.9
37,0.16,0.1,臺中市,2022/3/7 13:00,24.162197,120.616917,1.1,7.4,8.5,40,40,8,19,5,8,,32,西屯,0.7,1,良好,,15,5.7
36,0.16,0.2,臺中市,2022/3/7 12:00,24.162197,120.616917,1.6,9.3,11,39.1,39,15,21,5,9,,32,西屯,0.7,1,良好,,15,4.7
36,0.18,0.2,臺中市,2022/3/7 11:00,24.162197,120.616917,1.2,11,12.3,36.5,39,11,22,5,9,,32,西屯,0.7,1,良好,,16,5.2
37,0.2,0.2,臺中市,2022/3/7 10:00,24.162197,120.616917,1.3,11.4,12.7,40.3,40,13,24,4,10,,32,西屯,0.7,1,良好,,25,4
39,0.24,0.2,臺中市,2022/3/7 09:00,24.162197,120.616917,1.1,11,12.1,39.9,39,9,29,5,12,,32,西屯,0.7,1,良好,,356,3.3
51,0.21,0.2,臺中市,2022/3/7 08:00,24.162197,120.616917,0.5,10.2,10.8,41.3,39,10,36,5,16,細懸浮微粒,32,西屯,0.6,1,普通,,14,4.4
57,0.18,0.2,臺中市,2022/3/7 07:00,24.162197,120.616917,0.5,9,9.5,42.5,39,12,44,7,18,細懸浮微粒,32,西屯,0.7,1,普通,,358,4.3
64,0.22,0.2,臺中市,2022/3/7 06:00,24.162197,120.616917,0.5,10.3,10.8,41.2,40,32,51,11,21,細懸浮微粒,32,西屯,0.8,1,普通,,6,4.7
70,0.24,0.2,臺中市,2022/3/7 05:00,24.162197,120.616917,0.3,8.7,9,37.1,40,52,57,26,23,細懸浮微粒,32,西屯,1.2,1,普通,,7,2.6
71,0.25,0.2,臺中市,2022/3/7 04:00,24.162197,120.616917,0.3,7.2,7.5,40,41,50,59,18,24,細懸浮微粒,32,西屯,1.1,1,普通,,40,2.1
72,0.25,0.2,臺中市,2022/3/7 03:00,24.162197,120.616917,0.4,7.8,8.3,41.1,43,52,61,22,24,細懸浮微粒,32,西屯,1,1,普通,,31,2.2
73,0.27,0.2,臺中市,2022/3/7 02:00,24.162197,120.616917,0.3,9.7,10.1,36.3,44,56,62,23,24,細懸浮微粒,32,西屯,1.1,1,普通,,342,1.7
73,0.28,0.2,臺中市,2022/3/7 01:00,24.162197,120.616917,0.8,9,9.9,37.2,47,60,64,26,24,細懸浮微粒,32,西屯,1.4,1,普通,,287,1.9
71,0.25,0.2,臺中市,2022/3/7 00:00,24.162197,120.616917,0.8,9.8,10.6,43.3,51,57,63,18,24,細懸浮微粒,32,西屯,1.2,1,普通,,23,1.2
74,0.23,0.2,臺中市,2022/3/6 23:00,24.162197,120.616917,0.9,11,12,44.1,54,60,64,23,25,細懸浮微粒,32,西屯,1,1,普通,,10,2.9
76,0.26,0.2,臺中市,2022/3/6 22:00,24.162197,120.616917,0.8,9,9.8,47.1,57,65,66,22,26,細懸浮微粒,32,西屯,1.1,1,普通,,23,3.3
81,0.28,0.2,臺中市,2022/3/6 21:00,24.162197,120.616917,0.9,9.9,10.8,46.6,60,57,67,24,28,細懸浮微粒,32,西屯,1.1,1,普通,,338,2.7
86,0.28,0.2,臺中市,2022/3/6 20:00,24.162197,120.616917,0.8,8.5,9.4,49.9,62,67,70,26,30,細懸浮微粒,32,西屯,1.1,1,普通,,349,1.9
85,0.29,0.2,臺中市,2022/3/6 19:00,24.162197,120.616917,0.7,8.7,9.5,53.2,63,80,70,28,30,細懸浮微粒,32,西屯,1.1,1,普通,,350,2.7
84,0.32,0.2,臺中市,2022/3/6 18:00,24.162197,120.616917,0.8,10.1,11,61,62,83,66,35,29,細懸浮微粒,32,西屯,1.2,1,普通,,353,3.2
78,0.34,0.2,臺中市,2022/3/6 17:00,24.162197,120.616917,0.9,8.2,9.2,67.5,59,85,60,39,27,細懸浮微粒,32,西屯,1.4,1,普通,,334,1.8
68,0.24,0.3,臺中市,2022/3/6 16:00,24.162197,120.616917,1.1,5.4,6.6,64.4,53,78,54,26,22,細懸浮微粒,32,西屯,1.2,1,普通,,314,2.8
64,0.25,0.3,臺中市,2022/3/6 15:00,24.162197,120.616917,1.2,6.1,7.4,69.2,46,64,48,26,21,細懸浮微粒,32,西屯,1.3,1,普通,,290,2.5
66,0.26,0.3,臺中市,2022/3/6 14:00,24.162197,120.616917,1.3,7.8,9.2,70,41,56,45,26,22,細懸浮微粒,32,西屯,1.3,1,普通,,328,1.6
66,0.24,0.3,臺中市,2022/3/6 13:00,24.162197,120.616917,1.3,6.4,7.7,66.9,36,53,43,16,22,細懸浮微粒,32,西屯,1.6,1,普通,,1,2.7
70,0.23,0.3,臺中市,2022/3/6 12:00,24.162197,120.616917,1.7,7.9,9.7,57.8,32,51,41,17,23,細懸浮微粒,32,西屯,1.6,1,普通,,340,2.9
71,0.35,0.3,臺中市,2022/3/6 11:00,24.162197,120.616917,2.9,10.7,13.6,46.1,29,46,38,34,24,細懸浮微粒,32,西屯,1.3,1,普通,,306,3.6
65,0.45,0.3,臺中市,2022/3/6 10:00,24.162197,120.616917,5.1,14,19.1,30.6,25,49,35,29,21,細懸浮微粒,32,西屯,1.6,1,普通,,72,0.5
58,0.51,0.3,臺中市,2022/3/6 09:00,24.162197,120.616917,7.4,18.3,25.8,19.5,24,42,32,28,18,細懸浮微粒,32,西屯,1.5,1,普通,,120,0.7
51,0.42,0.3,臺中市,2022/3/6 08:00,24.162197,120.616917,3.8,17.8,21.6,15.6,25,35,30,20,16,細懸浮微粒,32,西屯,1.3,1,普通,,27,0.4
50,0.32,0.3,臺中市,2022/3/6 07:00,24.162197,120.616917,1.1,10.5,11.6,23.4,28,27,30,16,15,,32,西屯,1.1,1,良好,,48,0.3
53,0.25,0.3,臺中市,2022/3/6 06:00,24.162197,120.616917,0.8,7,7.8,33.6,29,28,31,11,16,細懸浮微粒,32,西屯,1.4,1,普通,,40,0.6
57,0.24,0.3,臺中市,2022/3/6 05:00,24.162197,120.616917,0.7,6.6,7.3,34.5,30,24,33,9,18,細懸浮微粒,32,西屯,1.3,1,普通,,23,1.1
62,0.28,0.3,臺中市,2022/3/6 04:00,24.162197,120.616917,0.8,9.8,10.6,30.1,29,28,35,15,20,細懸浮微粒,32,西屯,1.4,1,普通,,37,2.2
64,0.37,0.3,臺中市,2022/3/6 03:00,24.162197,120.616917,0.8,14.2,15,19.2,30,30,38,19,21,細懸浮微粒,32,西屯,2,1,普通,,52,2.4
65,0.4,0.3,臺中市,2022/3/6 02:00,24.162197,120.616917,1,13.5,14.6,21.6,34,32,38,21,21,細懸浮微粒,32,西屯,2,1,普通,,60,0.8
64,0.35,0.3,臺中市,2022/3/6 01:00,24.162197,120.616917,0.8,10.6,11.4,29.6,38,36,39,20,21,細懸浮微粒,32,西屯,1.1,1,普通,,28,0.4
65,0.35,0.3,臺中市,2022/3/6 00:00,24.162197,120.616917,0.6,10.5,11.2,34.7,42,37,41,16,21,細懸浮微粒,32,西屯,1.1,1,普通,,20,1.9
70,0.35,0.3,臺中市,2022/3/5 23:00,24.162197,120.616917,0.6,12.1,12.8,36.4,46,32,44,23,23,細懸浮微粒,32,西屯,1.3,1,普通,,22,2.4
74,0.38,0.3,臺中市,2022/3/5 22:00,24.162197,120.616917,0.6,16.7,17.4,34.2,48,35,47,18,25,細懸浮微粒,32,西屯,1.4,1,普通,,22,3.2
77,0.4,0.3,臺中市,2022/3/5 21:00,24.162197,120.616917,0.6,17.5,18.2,34.1,52,46,50,19,26,細懸浮微粒,32,西屯,1.4,1,普通,,355,1.7
80,0.42,0.3,臺中市,2022/3/5 20:00,24.162197,120.616917,0.6,20.9,21.6,36.9,56,53,50,29,27,細懸浮微粒,32,西屯,1.7,1,普通,,356,1.7
80,0.38,0.3,臺中市,2022/3/5 19:00,24.162197,120.616917,0.7,14,14.8,48.6,58,47,50,27,27,細懸浮微粒,32,西屯,1.3,1,普通,,4,2.3
77,0.35,0.3,臺中市,2022/3/5 18:00,24.162197,120.616917,1.1,14.4,15.6,55.2,57,56,49,28,26,細懸浮微粒,32,西屯,1.3,1,普通,,15,2.9
75,0.32,0.3,臺中市,2022/3/5 17:00,24.162197,120.616917,1.2,11.4,12.7,61,53,52,47,23,25,細懸浮微粒,32,西屯,1.2,1,普通,,354,4
77,0.3,0.3,臺中市,2022/3/5 16:00,24.162197,120.616917,1.5,10.5,12,62.3,48,54,45,29,26,細懸浮微粒,32,西屯,1.2,1,普通,,9,3.1
79,0.28,0.3,臺中市,2022/3/5 15:00,24.162197,120.616917,1.2,7.1,8.3,58.9,40,44,45,18,27,細懸浮微粒,32,西屯,1.2,1,普通,,358,3.1
86,0.29,0.4,臺中市,2022/3/5 14:00,24.162197,120.616917,1.3,7.4,8.8,65.6,34,44,46,21,30,細懸浮微粒,32,西屯,1.2,1,普通,,332,2.7
88,0.33,0.4,臺中市,2022/3/5 13:00,24.162197,120.616917,1.9,9.8,11.7,66.2,27,44,46,27,30,細懸浮微粒,32,西屯,1.1,1,普通,,354,2.3
89,0.33,0.4,臺中市,2022/3/5 12:00,24.162197,120.616917,3.6,13.8,17.5,51.2,20,57,46,33,31,細懸浮微粒,32,西屯,1.1,1,普通,,357,3.1
90,0.37,0.4,臺中市,2022/3/5 11:00,24.162197,120.616917,5.1,14.5,19.6,37.5,15,55,45,42,31,細懸浮微粒,32,西屯,1.1,1,普通,,7,3.6
84,0.4,0.4,臺中市,2022/3/5 10:00,24.162197,120.616917,8.9,17.2,26.1,27.3,14,45,42,26,29,細懸浮微粒,32,西屯,1.6,2,普通,,327,1.8
85,0.44,0.3,臺中市,2022/3/5 09:00,24.162197,120.616917,12.4,19,31.4,16.2,14,43,41,29,29,細懸浮微粒,32,西屯,1.9,2,普通,,27,1.5
86,0.59,0.4,臺中市,2022/3/5 08:00,24.162197,120.616917,21.6,20.1,41.8,4.5,12,44,40,32,30,細懸浮微粒,32,西屯,1.3,2,普通,,56,1.7
84,0.45,0.4,臺中市,2022/3/5 07:00,24.162197,120.616917,6.1,18.8,24.9,5,12,36,40,29,29,細懸浮微粒,32,西屯,1,2,普通,,196,0.4
81,0.35,0.4,臺中市,2022/3/5 06:00,24.162197,120.616917,0.8,14.8,15.6,11.3,14,36,40,27,28,細懸浮微粒,32,西屯,1.3,2,普通,,93,0.3
79,0.36,0.4,臺中市,2022/3/5 05:00,24.162197,120.616917,3.2,22,25.3,8.7,15,42,41,33,27,細懸浮微粒,32,西屯,1.8,2,普通,,29,1.5
78,0.34,0.4,臺中市,2022/3/5 04:00,24.162197,120.616917,1.9,18.4,20.3,16.3,19,42,44,28,26,細懸浮微粒,32,西屯,1.6,2,普通,,70,0.4
84,0.3,0.4,臺中市,2022/3/5 03:00,24.162197,120.616917,0.6,11.2,11.8,27.1,22,34,46,22,29,細懸浮微粒,32,西屯,1.4,2,普通,,52,1.7
87,0.3,0.4,臺中市,2022/3/5 02:00,24.162197,120.616917,0.8,11.6,12.5,24.4,24,38,49,21,30,細懸浮微粒,32,西屯,1.6,2,普通,,22,2.2
90,0.59,0.5,臺中市,2022/3/5 01:00,24.162197,120.616917,7.2,32.2,39.5,4.1,26,54,49,30,31,細懸浮微粒,32,西屯,1.3,2,普通,,6,0.4
89,0.68,0.5,臺中市,2022/3/5 00:00,24.162197,120.616917,6.5,36.5,43,4.5,32,58,47,45,31,細懸浮微粒,32,西屯,1.7,2,普通,,137,0.4
82,0.54,0.5,臺中市,2022/3/4 23:00,24.162197,120.616917,1.2,24.1,25.4,20.2,38,43,45,29,28,細懸浮微粒,32,西屯,1.5,2,普通,,31,0.4
81,0.52,0.5,臺中市,2022/3/4 22:00,24.162197,120.616917,0.8,25.9,26.8,22.6,44,43,46,28,28,細懸浮微粒,32,西屯,1.5,2,普通,,46,1.5
83,0.39,0.4,臺中市,2022/3/4 21:00,24.162197,120.616917,0.7,16.5,17.2,35.7,50,39,50,26,28,細懸浮微粒,32,西屯,1.1,2,普通,,11,0.9
89,0.37,0.4,臺中市,2022/3/4 20:00,24.162197,120.616917,0.7,13,13.8,44,55,46,55,28,31,細懸浮微粒,32,西屯,1.1,2,普通,,26,1.4
96,0.41,0.4,臺中市,2022/3/4 19:00,24.162197,120.616917,0.9,17.8,18.8,40.7,58,44,60,19,34,細懸浮微粒,32,西屯,1.5,2,普通,,21,1.8
108,0.56,0.4,臺中市,2022/3/4 18:00,24.162197,120.616917,1.6,23.2,24.8,43.2,59,54,67,27,38,細懸浮微粒,32,西屯,3.6,2,對敏感族群不健康,,346,1.2
113,0.86,0.4,臺中市,2022/3/4 17:00,24.162197,120.616917,2.5,23.1,25.6,47,58,58,68,30,40,細懸浮微粒,32,西屯,6,2,對敏感族群不健康,,333,2.1
119,0.6,0.4,臺中市,2022/3/4 16:00,24.162197,120.616917,2.5,20.1,22.6,58.4,53,63,69,33,42,細懸浮微粒,32,西屯,4.4,2,對敏感族群不健康,,292,3.1
122,0.36,0.4,臺中市,2022/3/4 15:00,24.162197,120.616917,1.4,11.5,13,66.3,47,60,70,34,44,細懸浮微粒,32,西屯,2.1,2,對敏感族群不健康,,297,3.2
127,0.26,0.5,臺中市,2022/3/4 14:00,24.162197,120.616917,1.1,8.8,9.9,71.6,39,39,72,27,46,細懸浮微粒,32,西屯,1.4,2,對敏感族群不健康,,184,2.1
139,0.37,0.5,臺中市,2022/3/4 13:00,24.162197,120.616917,1.6,13.1,14.7,76.4,30,52,81,35,50,細懸浮微粒,32,西屯,2.4,2,對敏感族群不健康,,199,1
152,0.36,0.5,臺中市,2022/3/4 12:00,24.162197,120.616917,1.9,12.4,14.4,61,21,49,90,30,56,細懸浮微粒,32,西屯,2.4,2,對所有族群不健康,,177,1.4
155,0.42,0.6,臺中市,2022/3/4 11:00,24.162197,120.616917,3.3,17.4,20.7,49,13,63,102,44,63,細懸浮微粒,32,西屯,2.5,2,對所有族群不健康,,168,2.2
158,0.52,0.6,臺中市,2022/3/4 10:00,24.162197,120.616917,7.2,22.9,30.2,34.9,7,84,114,51,69,細懸浮微粒,32,西屯,3,2,對所有族群不健康,,176,1.7
160,0.75,0.7,臺中市,2022/3/4 09:00,24.162197,120.616917,12.7,28.4,41.2,13.4,3,111,120,77,72,細懸浮微粒,32,西屯,3.4,1,對所有族群不健康,,165,0.7
159,0.82,0.7,臺中市,2022/3/4 08:00,24.162197,120.616917,19.8,28.8,48.6,5.1,2,125,121,75,70,細懸浮微粒,32,西屯,2.5,1,對所有族群不健康,,194,1.5
158,0.68,0.7,臺中市,2022/3/4 07:00,24.162197,120.616917,5.1,26.9,32.1,2.9,2,147,119,86,68,細懸浮微粒,32,西屯,2.4,1,對所有族群不健康,,168,0.4
155,0.59,0.7,臺中市,2022/3/4 06:00,24.162197,120.616917,6.5,27.2,33.8,3.4,4,124,111,74,63,細懸浮微粒,32,西屯,4.4,1,對所有族群不健康,,307,0.4
154,0.61,0.7,臺中市,2022/3/4 05:00,24.162197,120.616917,22.6,33.9,56.5,0.8,5,120,108,67,60,細懸浮微粒,32,西屯,4.2,1,對所有族群不健康,,175,0.4
152,0.7,0.7,臺中市,2022/3/4 04:00,24.162197,120.616917,15.2,34,49.2,1.4,8,118,104,68,57,細懸浮微粒,32,西屯,2.4,1,對所有族群不健康,,168,0.3
151,0.85,0.7,臺中市,2022/3/4 03:00,24.162197,120.616917,13.6,35.4,49,0.7,12,103,101,55,55,細懸浮微粒,32,西屯,1.3,1,對所有族群不健康,,192,0.4
152,0.9,0.7,臺中市,2022/3/4 02:00,24.162197,120.616917,34.8,40.3,75.2,0.3,17,110,100,58,56,細懸浮微粒,32,西屯,1.4,1,對所有族群不健康,,199,0.5
152,0.81,0.6,臺中市,2022/3/4 01:00,24.162197,120.616917,3.9,38.6,42.5,1.7,23,104,98,57,56,細懸浮微粒,32,西屯,1.2,1,對所有族群不健康,,163,0.3
151,0.72,0.6,臺中市,2022/3/4 00:00,24.162197,120.616917,1.7,31.5,33.3,9.9,31,104,96,59,55,細懸浮微粒,32,西屯,1.2,1,對所有族群不健康,,80,0.3
143,0.66,0.6,臺中市,2022/3/3 23:00,24.162197,120.616917,1,30.8,31.8,14.3,39,100,93,62,52,細懸浮微粒,32,西屯,1.2,1,對敏感族群不健康,,33,0.3
137,0.75,0.5,臺中市,2022/3/3 22:00,24.162197,120.616917,0.9,35.1,36,14.1,42,110,91,62,50,細懸浮微粒,32,西屯,1.7,1,對敏感族群不健康,,56,0.3
132,0.77,0.5,臺中市,2022/3/3 21:00,24.162197,120.616917,0.7,31.8,32.5,22.3,51,99,87,59,48,細懸浮微粒,32,西屯,1.4,1,對敏感族群不健康,,35,0.3
125,0.59,0.4,臺中市,2022/3/3 20:00,24.162197,120.616917,0.7,24.2,25,37.2,57,99,84,42,45,細懸浮微粒,32,西屯,1.1,1,對敏感族群不健康,,21,0.5
125,0.54,0.4,臺中市,2022/3/3 19:00,24.162197,120.616917,3.5,37.6,41.2,37.2,61,90,80,50,45,細懸浮微粒,32,西屯,1.1,1,對敏感族群不健康,,26,2.4
122,0.52,0.4,臺中市,2022/3/3 18:00,24.162197,120.616917,3.2,34.6,37.9,50.9,62,88,76,47,44,細懸浮微粒,32,西屯,1.6,1,對敏感族群不健康,,13,1.9
121,0.51,0.5,臺中市,2022/3/3 17:00,24.162197,120.616917,1.9,20.6,22.6,65.7,63,89,74,41,43,細懸浮微粒,32,西屯,,1,對敏感族群不健康,,25,3.2
118,0.47,0.5,臺中市,2022/3/3 16:00,24.162197,120.616917,1.7,13.4,15.2,71.8,55,83,68,43,42,細懸浮微粒,32,西屯,,1,對敏感族群不健康,,339,2.4
118,,0.5,臺中市,2022/3/3 15:00,24.162197,120.616917,,,,,49,73,65,45,42,細懸浮微粒,32,西屯,,1,對敏感族群不健康,,320,2.6
118,0.46,0.5,臺中市,2022/3/3 14:00,24.162197,120.616917,2.5,21.4,24,73.4,46,79,64,45,42,細懸浮微粒,32,西屯,1.9,1,對敏感族群不健康,,303,3.1
124,0.37,0.5,臺中市,2022/3/3 13:00,24.162197,120.616917,1.9,14.3,16.3,66.9,40,55,62,31,44,細懸浮微粒,32,西屯,1.4,1,對敏感族群不健康,,294,2.5
130,0.45,0.5,臺中市,2022/3/3 12:00,24.162197,120.616917,3,16.5,19.5,63.8,34,64,64,43,47,細懸浮微粒,32,西屯,1.2,1,對敏感族群不健康,,164,1.3
128,,0.5,臺中市,2022/3/3 11:00,24.162197,120.616917,,,,41.9,28,69,61,43,46,細懸浮微粒,32,西屯,,1,對敏感族群不健康,,169,1.9
127,0.77,0.5,臺中市,2022/3/3 10:00,24.162197,120.616917,12.1,29.9,42,,26,,60,60,46,細懸浮微粒,32,西屯,2.9,1,對敏感族群不健康,,176,0.9
120,0.8,0.5,臺中市,2022/3/3 09:00,24.162197,120.616917,8.2,27.5,35.7,17.4,27,68,60,46,43,細懸浮微粒,32,西屯,2.4,1,對敏感族群不健康,,353,0.6
122,0.57,0.4,臺中市,2022/3/3 08:00,24.162197,120.616917,2.5,16.5,19,31.2,30,48,60,37,44,細懸浮微粒,32,西屯,1.5,1,對敏感族群不健康,,30,0.7
126,0.5,0.4,臺中市,2022/3/3 07:00,24.162197,120.616917,1.3,15.2,16.6,30.5,31,58,63,38,45,細懸浮微粒,32,西屯,1.5,1,對敏感族群不健康,,14,2
130,0.46,0.4,臺中市,2022/3/3 06:00,24.162197,120.616917,0.6,14.1,14.8,33.2,34,54,65,43,47,細懸浮微粒,32,西屯,1.1,1,對敏感族群不健康,,41,2
134,0.45,0.4,臺中市,2022/3/3 05:00,24.162197,120.616917,0.6,13.7,14.3,23.7,35,64,67,46,48,細懸浮微粒,32,西屯,0.9,1,對敏感族群不健康,,36,0.4
133,0.45,0.4,臺中市,2022/3/3 04:00,24.162197,120.616917,0.6,14.1,14.7,24.7,38,64,67,44,48,細懸浮微粒,32,西屯,1,1,對敏感族群不健康,,42,0.3
131,0.46,0.4,臺中市,2022/3/3 03:00,24.162197,120.616917,0.6,15.8,16.5,26,41,64,68,47,47,細懸浮微粒,32,西屯,1.1,1,對敏感族群不健康,,44,0.3
132,0.45,0.4,臺中市,2022/3/3 02:00,24.162197,120.616917,0.4,13,13.4,33.1,45,67,69,52,47,細懸浮微粒,32,西屯,1,1,對敏感族群不健康,,21,0.3
130,0.45,0.4,臺中市,2022/3/3 01:00,24.162197,120.616917,0.3,11,11.3,39.5,49,61,70,45,47,細懸浮微粒,32,西屯,1,1,對敏感族群不健康,,49,0.3
134,0.45,0.4,臺中市,2022/3/3 00:00,24.162197,120.616917,0.1,10.6,10.7,43.9,53,65,73,41,48,細懸浮微粒,32,西屯,0.9,1,對敏感族群不健康,,22,1.8
140,0.46,0.4,臺中市,2022/3/2 23:00,24.162197,120.616917,0.3,10.9,11.2,48,56,70,75,53,50,細懸浮微粒,32,西屯,0.8,1,對敏感族群不健康,,11,2.2
138,0.5,0.4,臺中市,2022/3/2 22:00,24.162197,120.616917,0.3,15,15.4,44.7,60,74,77,50,50,細懸浮微粒,32,西屯,0.9,1,對敏感族群不健康,,28,3.3
135,0.52,0.4,臺中市,2022/3/2 21:00,24.162197,120.616917,0.3,17.7,18.1,45.5,63,85,76,58,49,細懸浮微粒,32,西屯,1.1,1,對敏感族群不健康,,14,2.1
128,0.51,0.4,臺中市,2022/3/2 20:00,24.162197,120.616917,0.2,18.3,18.5,52.7,66,80,73,57,46,細懸浮微粒,32,西屯,1,1,對敏感族群不健康,,7,3.3
118,0.53,0.4,臺中市,2022/3/2 19:00,24.162197,120.616917,0.4,20.8,21.3,57.2,66,84,71,49,42,細懸浮微粒,32,西屯,0.9,1,對敏感族群不健康,,15,3.4
114,0.51,0.4,臺中市,2022/3/2 18:00,24.162197,120.616917,0.6,16.7,17.4,63.6,64,76,68,48,41,細懸浮微粒,32,西屯,1,1,對敏感族群不健康,,0,1.8
110,0.41,0.3,臺中市,2022/3/2 17:00,24.162197,120.616917,1.1,13.6,14.8,68.6,59,70,65,40,39,細懸浮微粒,32,西屯,0.9,1,對敏感族群不健康,,341,2.1
108,0.37,0.3,臺中市,2022/3/2 16:00,24.162197,120.616917,1.4,13.1,14.6,72.7,52,69,63,34,38,細懸浮微粒,32,西屯,1,1,對敏感族群不健康,,0,3
109,0.4,0.4,臺中市,2022/3/2 15:00,24.162197,120.616917,1.3,11.9,13.3,76,43,73,61,39,39,細懸浮微粒,32,西屯,1.1,1,對敏感族群不健康,,359,3.4
111,0.36,0.4,臺中市,2022/3/2 14:00,24.162197,120.616917,1.1,8.5,9.6,71.9,34,65,59,40,39,細懸浮微粒,32,西屯,1,1,對敏感族群不健康,,8,4
105,0.38,0.3,臺中市,2022/3/2 13:00,24.162197,120.616917,1.4,9.9,11.4,67,27,64,55,41,37,細懸浮微粒,32,西屯,1,2,對敏感族群不健康,,7,5.1
102,0.39,0.3,臺中市,2022/3/2 12:00,24.162197,120.616917,3,13.8,16.9,55.5,20,71,53,47,36,細懸浮微粒,32,西屯,0.8,2,對敏感族群不健康,,9,6
95,0.38,0.3,臺中市,2022/3/2 11:00,24.162197,120.616917,4.4,13.4,17.8,43.2,15,68,50,52,33,細懸浮微粒,32,西屯,0.7,2,普通,,6,3.6
88,0.34,0.3,臺中市,2022/3/2 10:00,24.162197,120.616917,9.6,13.3,23,21.1,13,50,47,32,31,細懸浮微粒,32,西屯,1.4,2,普通,,325,3.2
85,0.53,0.3,臺中市,2022/3/2 09:00,24.162197,120.616917,17.2,18.2,35.4,9.7,12,60,47,40,30,細懸浮微粒,32,西屯,1.4,2,普通,,10,0.9
76,0.54,0.2,臺中市,2022/3/2 08:00,24.162197,120.616917,15.4,19,34.4,5.2,11,57,42,37,26,細懸浮微粒,32,西屯,1.6,2,普通,,45,2
66,0.37,0.2,臺中市,2022/3/2 07:00,24.162197,120.616917,7.8,20.9,28.8,5.9,11,56,37,43,22,細懸浮微粒,32,西屯,1.3,2,普通,,27,0.3
53,0.26,0.2,臺中市,2022/3/2 06:00,24.162197,120.616917,1.2,17.7,19,11.3,10,48,31,29,16,細懸浮微粒,32,西屯,1.5,2,普通,,45,2
43,0.23,0.2,臺中市,2022/3/2 05:00,24.162197,120.616917,0.5,12.5,13,12.7,10,29,28,19,13,,32,西屯,1.5,2,良好,,30,1.9
41,0.19,0.3,臺中市,2022/3/2 04:00,24.162197,120.616917,0.3,9.1,9.4,18.3,9,25,28,11,13,,32,西屯,1.1,2,良好,,35,2.5
45,0.17,0.3,臺中市,2022/3/2 03:00,24.162197,120.616917,0.5,9.6,10.1,21,9,21,29,10,14,,32,西屯,1.3,2,良好,,27,2.6
48,0.19,0.3,臺中市,2022/3/2 02:00,24.162197,120.616917,0.6,12.1,12.7,14.6,9,25,32,9,15,,32,西屯,1.3,2,良好,,23,2.7
51,0.28,0.3,臺中市,2022/3/2 01:00,24.162197,120.616917,2.4,22.1,24.5,3.8,9,33,35,16,16,細懸浮微粒,32,西屯,1,2,普通,,57,0.4
52,0.45,0.3,臺中市,2022/3/2 00:00,24.162197,120.616917,15.7,27.5,43.2,0.9,11,30,36,20,16,細懸浮微粒,32,西屯,1.2,2,普通,,177,1
49,0.4,0.3,臺中市,2022/3/1 23:00,24.162197,120.616917,7.6,27.8,35.5,3,15,37,36,14,15,,32,西屯,0.9,2,良好,,174,0.4
49,0.37,0.3,臺中市,2022/3/1 22:00,24.162197,120.616917,1.2,26.3,27.5,6.7,19,47,35,13,15,,32,西屯,0.9,2,良好,,345,0.4
53,0.43,0.3,臺中市,2022/3/1 21:00,24.162197,120.616917,1,21.9,22.9,10.8,22,33,33,16,16,細懸浮微粒,32,西屯,0.8,2,普通,,1,0.4
53,0.37,0.3,臺中市,2022/3/1 20:00,24.162197,120.616917,0.7,21.2,22,14.7,26,31,33,14,16,細懸浮微粒,32,西屯,0.8,2,普通,,19,0.4
55,0.29,0.3,臺中市,2022/3/1 19:00,24.162197,120.616917,0.9,18.9,19.9,19.5,30,29,36,14,17,細懸浮微粒,32,西屯,1.1,2,普通,,352,0.8
57,0.36,0.3,臺中市,2022/3/1 18:00,24.162197,120.616917,2.9,18.6,21.5,18.4,31,32,38,16,18,細懸浮微粒,32,西屯,4,2,普通,,354,1.7
59,0.38,0.3,臺中市,2022/3/1 17:00,24.162197,120.616917,4.8,15,19.9,21.7,30,27,38,14,19,細懸浮微粒,32,西屯,7.7,2,普通,,323,1.6
63,0.27,0.4,臺中市,2022/3/1 16:00,24.162197,120.616917,3.9,12.1,16,30,28,42,42,16,20,細懸浮微粒,32,西屯,4.7,2,普通,,324,2.4
65,0.31,0.4,臺中市,2022/3/1 15:00,24.162197,120.616917,4,11.5,15.6,32.7,25,42,41,16,21,細懸浮微粒,32,西屯,5.5,2,普通,,302,3.2
65,0.34,0.5,臺中市,2022/3/1 14:00,24.162197,120.616917,3.6,11.7,15.3,34.9,24,34,40,17,21,細懸浮微粒,32,西屯,5.1,2,普通,,324,2.8
70,0.33,0.6,臺中市,2022/3/1 13:00,24.162197,120.616917,4.1,16.5,20.7,39.4,19,50,42,22,23,細懸浮微粒,32,西屯,4.4,1,普通,,304,3.4
72,0.28,0.6,臺中市,2022/3/1 12:00,24.162197,120.616917,3.7,13.4,17.2,46.5,15,38,42,20,24,細懸浮微粒,32,西屯,1.5,1,普通,,314,1.8
76,0.4,0.6,臺中市,2022/3/1 11:00,24.162197,120.616917,9.2,22.3,31.5,29.9,9,35,44,16,26,細懸浮微粒,32,西屯,1.6,1,普通,,288,1.1
82,0.76,0.7,臺中市,2022/3/1 10:00,24.162197,120.616917,29.8,38,67.9,11.3,3,47,46,29,28,細懸浮微粒,32,西屯,2.7,1,普通,,37,0.4
81,0.83,0.6,臺中市,2022/3/1 09:00,24.162197,120.616917,36.5,32.8,69.4,5.5,2,48,44,23,28,細懸浮微粒,32,西屯,1.6,1,普通,,110,0.4
82,0.73,0.6,臺中市,2022/3/1 08:00,24.162197,120.616917,26.4,23.2,49.7,1.9,0,51,43,30,28,細懸浮微粒,32,西屯,1.1,1,普通,,68,0.4
81,0.89,0.6,臺中市,2022/3/1 07:00,24.162197,120.616917,55.3,22.2,77.5,,,49,41,30,28,細懸浮微粒,32,西屯,1.1,1,普通,,49,0.4
77,0.62,0.6,臺中市,2022/3/1 06:00,24.162197,120.616917,24.8,21.2,46.1,0,,35,39,27,26,細懸浮微粒,32,西屯,1,1,普通,,23,0.4
77,0.66,0.6,臺中市,2022/3/1 05:00,24.162197,120.616917,33.3,23.8,57.1,,,40,39,27,26,細懸浮微粒,32,西屯,1.3,1,普通,,176,0.4
78,0.6,0.6,臺中市,2022/3/1 04:00,24.162197,120.616917,9.7,24.7,34.4,,2,39,41,26,26,細懸浮微粒,32,西屯,1.3,1,普通,,331,0.4
79,0.56,0.6,臺中市,2022/3/1 03:00,24.162197,120.616917,3,25.1,28.1,1,6,41,41,21,27,細懸浮微粒,32,西屯,1.3,1,普通,,350,0.4
81,0.57,0.6,臺中市,2022/3/1 02:00,24.162197,120.616917,1.8,25.4,27.2,1.8,12,36,41,29,28,細懸浮微粒,32,西屯,1,1,普通,,288,0.4
79,0.67,0.5,臺中市,2022/3/1 01:00,24.162197,120.616917,5.5,32.3,37.9,0.1,20,50,41,32,27,細懸浮微粒,32,西屯,1.1,1,普通,,245,0.4
75,0.69,0.5,臺中市,2022/3/1 00:00,24.162197,120.616917,18,34.7,52.8,,27,43,39,35,25,細懸浮微粒,32,西屯,1.1,1,普通,,232,0.4
139,0.37,0.5,臺中市,2022/3/4 13:00,24.162197,120.616917,1.6,13.1,14.7,76.4,30,52,81,35,50,細懸浮微粒,32,西屯,2.4,2,對敏感族群不健康,,199,1
152,0.36,0.5,臺中市,2022/3/4 12:00,24.162197,120.616917,1.9,12.4,14.4,61,21,49,90,30,56,細懸浮微粒,32,西屯,2.4,2,對所有族群不健康,,177,1.4
155,0.42,0.6,臺中市,2022/3/4 11:00,24.162197,120.616917,3.3,17.4,20.7,49,13,63,102,44,63,細懸浮微粒,32,西屯,2.5,2,對所有族群不健康,,168,2.2
158,0.52,0.6,臺中市,2022/3/4 10:00,24.162197,120.616917,7.2,22.9,30.2,34.9,7,84,114,51,69,細懸浮微粒,32,西屯,3,2,對所有族群不健康,,176,1.7
160,0.75,0.7,臺中市,2022/3/4 09:00,24.162197,120.616917,12.7,28.4,41.2,13.4,3,111,120,77,72,細懸浮微粒,32,西屯,3.4,1,對所有族群不健康,,165,0.7
159,0.82,0.7,臺中市,2022/3/4 08:00,24.162197,120.616917,19.8,28.8,48.6,5.1,2,125,121,75,70,細懸浮微粒,32,西屯,2.5,1,對所有族群不健康,,194,1.5
158,0.68,0.7,臺中市,2022/3/4 07:00,24.162197,120.616917,5.1,26.9,32.1,2.9,2,147,119,86,68,細懸浮微粒,32,西屯,2.4,1,對所有族群不健康,,168,0.4
155,0.59,0.7,臺中市,2022/3/4 06:00,24.162197,120.616917,6.5,27.2,33.8,3.4,4,124,111,74,63,細懸浮微粒,32,西屯,4.4,1,對所有族群不健康,,307,0.4
154,0.61,0.7,臺中市,2022/3/4 05:00,24.162197,120.616917,22.6,33.9,56.5,0.8,5,120,108,67,60,細懸浮微粒,32,西屯,4.2,1,對所有族群不健康,,175,0.4
152,0.7,0.7,臺中市,2022/3/4 04:00,24.162197,120.616917,15.2,34,49.2,1.4,8,118,104,68,57,細懸浮微粒,32,西屯,2.4,1,對所有族群不健康,,168,0.3
151,0.85,0.7,臺中市,2022/3/4 03:00,24.162197,120.616917,13.6,35.4,49,0.7,12,103,101,55,55,細懸浮微粒,32,西屯,1.3,1,對所有族群不健康,,192,0.4
152,0.9,0.7,臺中市,2022/3/4 02:00,24.162197,120.616917,34.8,40.3,75.2,0.3,17,110,100,58,56,細懸浮微粒,32,西屯,1.4,1,對所有族群不健康,,199,0.5
152,0.81,0.6,臺中市,2022/3/4 01:00,24.162197,120.616917,3.9,38.6,42.5,1.7,23,104,98,57,56,細懸浮微粒,32,西屯,1.2,1,對所有族群不健康,,163,0.3
151,0.72,0.6,臺中市,2022/3/4 00:00,24.162197,120.616917,1.7,31.5,33.3,9.9,31,104,96,59,55,細懸浮微粒,32,西屯,1.2,1,對所有族群不健康,,80,0.3
143,0.66,0.6,臺中市,2022/3/3 23:00,24.162197,120.616917,1,30.8,31.8,14.3,39,100,93,62,52,細懸浮微粒,32,西屯,1.2,1,對敏感族群不健康,,33,0.3
137,0.75,0.5,臺中市,2022/3/3 22:00,24.162197,120.616917,0.9,35.1,36,14.1,42,110,91,62,50,細懸浮微粒,32,西屯,1.7,1,對敏感族群不健康,,56,0.3
132,0.77,0.5,臺中市,2022/3/3 21:00,24.162197,120.616917,0.7,31.8,32.5,22.3,51,99,87,59,48,細懸浮微粒,32,西屯,1.4,1,對敏感族群不健康,,35,0.3
125,0.59,0.4,臺中市,2022/3/3 20:00,24.162197,120.616917,0.7,24.2,25,37.2,57,99,84,42,45,細懸浮微粒,32,西屯,1.1,1,對敏感族群不健康,,21,0.5
125,0.54,0.4,臺中市,2022/3/3 19:00,24.162197,120.616917,3.5,37.6,41.2,37.2,61,90,80,50,45,細懸浮微粒,32,西屯,1.1,1,對敏感族群不健康,,26,2.4
122,0.52,0.4,臺中市,2022/3/3 18:00,24.162197,120.616917,3.2,34.6,37.9,50.9,62,88,76,47,44,細懸浮微粒,32,西屯,1.6,1,對敏感族群不健康,,13,1.9
121,0.51,0.5,臺中市,2022/3/3 17:00,24.162197,120.616917,1.9,20.6,22.6,65.7,63,89,74,41,43,細懸浮微粒,32,西屯,,1,對敏感族群不健康,,25,3.2
118,0.47,0.5,臺中市,2022/3/3 16:00,24.162197,120.616917,1.7,13.4,15.2,71.8,55,83,68,43,42,細懸浮微粒,32,西屯,,1,對敏感族群不健康,,339,2.4
118,,0.5,臺中市,2022/3/3 15:00,24.162197,120.616917,,,,,49,73,65,45,42,細懸浮微粒,32,西屯,,1,對敏感族群不健康,,320,2.6
118,0.46,0.5,臺中市,2022/3/3 14:00,24.162197,120.616917,2.5,21.4,24,73.4,46,79,64,45,42,細懸浮微粒,32,西屯,1.9,1,對敏感族群不健康,,303,3.1
124,0.37,0.5,臺中市,2022/3/3 13:00,24.162197,120.616917,1.9,14.3,16.3,66.9,40,55,62,31,44,細懸浮微粒,32,西屯,1.4,1,對敏感族群不健康,,294,2.5
130,0.45,0.5,臺中市,2022/3/3 12:00,24.162197,120.616917,3,16.5,19.5,63.8,34,64,64,43,47,細懸浮微粒,32,西屯,1.2,1,對敏感族群不健康,,164,1.3
128,,0.5,臺中市,2022/3/3 11:00,24.162197,120.616917,,,,41.9,28,69,61,43,46,細懸浮微粒,32,西屯,,1,對敏感族群不健康,,169,1.9
127,0.77,0.5,臺中市,2022/3/3 10:00,24.162197,120.616917,12.1,29.9,42,,26,,60,60,46,細懸浮微粒,32,西屯,2.9,1,對敏感族群不健康,,176,0.9
120,0.8,0.5,臺中市,2022/3/3 09:00,24.162197,120.616917,8.2,27.5,35.7,17.4,27,68,60,46,43,細懸浮微粒,32,西屯,2.4,1,對敏感族群不健康,,353,0.6
122,0.57,0.4,臺中市,2022/3/3 08:00,24.162197,120.616917,2.5,16.5,19,31.2,30,48,60,37,44,細懸浮微粒,32,西屯,1.5,1,對敏感族群不健康,,30,0.7
126,0.5,0.4,臺中市,2022/3/3 07:00,24.162197,120.616917,1.3,15.2,16.6,30.5,31,58,63,38,45,細懸浮微粒,32,西屯,1.5,1,對敏感族群不健康,,14,2
130,0.46,0.4,臺中市,2022/3/3 06:00,24.162197,120.616917,0.6,14.1,14.8,33.2,34,54,65,43,47,細懸浮微粒,32,西屯,1.1,1,對敏感族群不健康,,41,2
134,0.45,0.4,臺中市,2022/3/3 05:00,24.162197,120.616917,0.6,13.7,14.3,23.7,35,64,67,46,48,細懸浮微粒,32,西屯,0.9,1,對敏感族群不健康,,36,0.4
133,0.45,0.4,臺中市,2022/3/3 04:00,24.162197,120.616917,0.6,14.1,14.7,24.7,38,64,67,44,48,細懸浮微粒,32,西屯,1,1,對敏感族群不健康,,42,0.3
131,0.46,0.4,臺中市,2022/3/3 03:00,24.162197,120.616917,0.6,15.8,16.5,26,41,64,68,47,47,細懸浮微粒,32,西屯,1.1,1,對敏感族群不健康,,44,0.3
132,0.45,0.4,臺中市,2022/3/3 02:00,24.162197,120.616917,0.4,13,13.4,33.1,45,67,69,52,47,細懸浮微粒,32,西屯,1,1,對敏感族群不健康,,21,0.3
130,0.45,0.4,臺中市,2022/3/3 01:00,24.162197,120.616917,0.3,11,11.3,39.5,49,61,70,45,47,細懸浮微粒,32,西屯,1,1,對敏感族群不健康,,49,0.3
134,0.45,0.4,臺中市,2022/3/3 00:00,24.162197,120.616917,0.1,10.6,10.7,43.9,53,65,73,41,48,細懸浮微粒,32,西屯,0.9,1,對敏感族群不健康,,22,1.8
140,0.46,0.4,臺中市,2022/3/2 23:00,24.162197,120.616917,0.3,10.9,11.2,48,56,70,75,53,50,細懸浮微粒,32,西屯,0.8,1,對敏感族群不健康,,11,2.2
138,0.5,0.4,臺中市,2022/3/2 22:00,24.162197,120.616917,0.3,15,15.4,44.7,60,74,77,50,50,細懸浮微粒,32,西屯,0.9,1,對敏感族群不健康,,28,3.3
135,0.52,0.4,臺中市,2022/3/2 21:00,24.162197,120.616917,0.3,17.7,18.1,45.5,63,85,76,58,49,細懸浮微粒,32,西屯,1.1,1,對敏感族群不健康,,14,2.1
128,0.51,0.4,臺中市,2022/3/2 20:00,24.162197,120.616917,0.2,18.3,18.5,52.7,66,80,73,57,46,細懸浮微粒,32,西屯,1,1,對敏感族群不健康,,7,3.3
118,0.53,0.4,臺中市,2022/3/2 19:00,24.162197,120.616917,0.4,20.8,21.3,57.2,66,84,71,49,42,細懸浮微粒,32,西屯,0.9,1,對敏感族群不健康,,15,3.4
114,0.51,0.4,臺中市,2022/3/2 18:00,24.162197,120.616917,0.6,16.7,17.4,63.6,64,76,68,48,41,細懸浮微粒,32,西屯,1,1,對敏感族群不健康,,0,1.8
110,0.41,0.3,臺中市,2022/3/2 17:00,24.162197,120.616917,1.1,13.6,14.8,68.6,59,70,65,40,39,細懸浮微粒,32,西屯,0.9,1,對敏感族群不健康,,341,2.1
108,0.37,0.3,臺中市,2022/3/2 16:00,24.162197,120.616917,1.4,13.1,14.6,72.7,52,69,63,34,38,細懸浮微粒,32,西屯,1,1,對敏感族群不健康,,0,3
109,0.4,0.4,臺中市,2022/3/2 15:00,24.162197,120.616917,1.3,11.9,13.3,76,43,73,61,39,39,細懸浮微粒,32,西屯,1.1,1,對敏感族群不健康,,359,3.4
111,0.36,0.4,臺中市,2022/3/2 14:00,24.162197,120.616917,1.1,8.5,9.6,71.9,34,65,59,40,39,細懸浮微粒,32,西屯,1,1,對敏感族群不健康,,8,4
105,0.38,0.3,臺中市,2022/3/2 13:00,24.162197,120.616917,1.4,9.9,11.4,67,27,64,55,41,37,細懸浮微粒,32,西屯,1,2,對敏感族群不健康,,7,5.1
102,0.39,0.3,臺中市,2022/3/2 12:00,24.162197,120.616917,3,13.8,16.9,55.5,20,71,53,47,36,細懸浮微粒,32,西屯,0.8,2,對敏感族群不健康,,9,6
95,0.38,0.3,臺中市,2022/3/2 11:00,24.162197,120.616917,4.4,13.4,17.8,43.2,15,68,50,52,33,細懸浮微粒,32,西屯,0.7,2,普通,,6,3.6
88,0.34,0.3,臺中市,2022/3/2 10:00,24.162197,120.616917,9.6,13.3,23,21.1,13,50,47,32,31,細懸浮微粒,32,西屯,1.4,2,普通,,325,3.2
85,0.53,0.3,臺中市,2022/3/2 09:00,24.162197,120.616917,17.2,18.2,35.4,9.7,12,60,47,40,30,細懸浮微粒,32,西屯,1.4,2,普通,,10,0.9
76,0.54,0.2,臺中市,2022/3/2 08:00,24.162197,120.616917,15.4,19,34.4,5.2,11,57,42,37,26,細懸浮微粒,32,西屯,1.6,2,普通,,45,2
66,0.37,0.2,臺中市,2022/3/2 07:00,24.162197,120.616917,7.8,20.9,28.8,5.9,11,56,37,43,22,細懸浮微粒,32,西屯,1.3,2,普通,,27,0.3
53,0.26,0.2,臺中市,2022/3/2 06:00,24.162197,120.616917,1.2,17.7,19,11.3,10,48,31,29,16,細懸浮微粒,32,西屯,1.5,2,普通,,45,2
43,0.23,0.2,臺中市,2022/3/2 05:00,24.162197,120.616917,0.5,12.5,13,12.7,10,29,28,19,13,,32,西屯,1.5,2,良好,,30,1.9
41,0.19,0.3,臺中市,2022/3/2 04:00,24.162197,120.616917,0.3,9.1,9.4,18.3,9,25,28,11,13,,32,西屯,1.1,2,良好,,35,2.5
45,0.17,0.3,臺中市,2022/3/2 03:00,24.162197,120.616917,0.5,9.6,10.1,21,9,21,29,10,14,,32,西屯,1.3,2,良好,,27,2.6
48,0.19,0.3,臺中市,2022/3/2 02:00,24.162197,120.616917,0.6,12.1,12.7,14.6,9,25,32,9,15,,32,西屯,1.3,2,良好,,23,2.7
51,0.28,0.3,臺中市,2022/3/2 01:00,24.162197,120.616917,2.4,22.1,24.5,3.8,9,33,35,16,16,細懸浮微粒,32,西屯,1,2,普通,,57,0.4
52,0.45,0.3,臺中市,2022/3/2 00:00,24.162197,120.616917,15.7,27.5,43.2,0.9,11,30,36,20,16,細懸浮微粒,32,西屯,1.2,2,普通,,177,1
72,0.28,0.6,臺中市,2022/3/1 12:00,24.162197,120.616917,3.7,13.4,17.2,46.5,15,38,42,20,24,細懸浮微粒,32,西屯,1.5,1,普通,,314,1.8
76,0.4,0.6,臺中市,2022/3/1 11:00,24.162197,120.616917,9.2,22.3,31.5,29.9,9,35,44,16,26,細懸浮微粒,32,西屯,1.6,1,普通,,288,1.1
82,0.76,0.7,臺中市,2022/3/1 10:00,24.162197,120.616917,29.8,38,67.9,11.3,3,47,46,29,28,細懸浮微粒,32,西屯,2.7,1,普通,,37,0.4
81,0.83,0.6,臺中市,2022/3/1 09:00,24.162197,120.616917,36.5,32.8,69.4,5.5,2,48,44,23,28,細懸浮微粒,32,西屯,1.6,1,普通,,110,0.4
82,0.73,0.6,臺中市,2022/3/1 08:00,24.162197,120.616917,26.4,23.2,49.7,1.9,0,51,43,30,28,細懸浮微粒,32,西屯,1.1,1,普通,,68,0.4
81,0.89,0.6,臺中市,2022/3/1 07:00,24.162197,120.616917,55.3,22.2,77.5,,,49,41,30,28,細懸浮微粒,32,西屯,1.1,1,普通,,49,0.4
77,0.62,0.6,臺中市,2022/3/1 06:00,24.162197,120.616917,24.8,21.2,46.1,0,,35,39,27,26,細懸浮微粒,32,西屯,1,1,普通,,23,0.4
77,0.66,0.6,臺中市,2022/3/1 05:00,24.162197,120.616917,33.3,23.8,57.1,,,40,39,27,26,細懸浮微粒,32,西屯,1.3,1,普通,,176,0.4
78,0.6,0.6,臺中市,2022/3/1 04:00,24.162197,120.616917,9.7,24.7,34.4,,2,39,41,26,26,細懸浮微粒,32,西屯,1.3,1,普通,,331,0.4
79,0.56,0.6,臺中市,2022/3/1 03:00,24.162197,120.616917,3,25.1,28.1,1,6,41,41,21,27,細懸浮微粒,32,西屯,1.3,1,普通,,350,0.4
81,0.57,0.6,臺中市,2022/3/1 02:00,24.162197,120.616917,1.8,25.4,27.2,1.8,12,36,41,29,28,細懸浮微粒,32,西屯,1,1,普通,,288,0.4
79,0.67,0.5,臺中市,2022/3/1 01:00,24.162197,120.616917,5.5,32.3,37.9,0.1,20,50,41,32,27,細懸浮微粒,32,西屯,1.1,1,普通,,245,0.4
75,0.69,0.5,臺中市,2022/3/1 00:00,24.162197,120.616917,18,34.7,52.8,,27,43,39,35,25,細懸浮微粒,32,西屯,1.1,1,普通,,232,0.4
